"","Team","Player","Age","G","MP","PER","WARP","VORP","OWS","DWS","WS","WS/48","TS%","3PAr","ORB%","DRB%","TRB%","AST%","STL%","BLK%","TOV%","USG%","OBPM","DBPM","BPM"
"1","Boston Celtics","Jayson Tatum",21,59,2043,20.3,8.1,3,2.9,3.4,6.2,0.147,0.562,0.377,3,18.8,11,14,2,2.4,9.7,28.6,3.3,0.6,3.9
"2","Boston Celtics","Marcus Smart",25,53,1721,14,4.05,1.5,1.7,2.4,4.1,0.115,0.519,0.582,2.5,10.1,6.4,21,2.4,1.5,11.5,19.3,0.2,1.3,1.6
"3","Boston Celtics","Jaylen Brown",23,50,1702,17.1,3.24,1.2,2.1,2.3,4.5,0.126,0.589,0.364,3.4,16.5,10,10.2,1.6,0.9,11.8,24.7,1,-0.1,0.9
"4","Boston Celtics","Kemba Walker",29,50,1592,20.2,7.29,2.7,3.5,1.9,5.4,0.163,0.569,0.526,2.2,11.4,6.9,24.6,1.4,1.5,10.3,27.8,5,-0.2,4.7
"5","Boston Celtics","Gordon Hayward",29,45,1501,18.2,4.86,1.8,3.1,1.9,5,0.16,0.593,0.311,3.2,17.6,10.5,19,1.1,1.2,10.8,20.9,2.6,0.3,2.9
"6","Boston Celtics","Daniel Theis",27,58,1382,18.2,4.05,1.5,3.6,2.3,5.9,0.205,0.629,0.212,10.2,19.2,14.7,9.9,1.2,5,10.1,14.7,0.4,1.8,2.3
"7","Boston Celtics","Brad Wanamaker",30,63,1215,11.8,0.54,0.2,1.2,1.5,2.7,0.108,0.56,0.283,1.7,9.2,5.5,17.6,2.1,0.9,15.9,15.4,-2.5,1.2,-1.3
"8","Boston Celtics","Grant Williams",21,62,970,8,-0.27,-0.1,0.2,1.3,1.5,0.075,0.508,0.443,6.5,11.7,9.1,8.3,1.4,3.1,17.7,11.5,-4,1.4,-2.6
"9","Boston Celtics","Enes Kanter",27,51,891,22,2.16,0.8,2.1,1.7,3.8,0.207,0.594,0.023,17.1,30.2,23.7,8.4,1.1,3.9,12.9,19.3,1.6,-0.1,1.5
"10","Boston Celtics","Semi Ojeleye",25,61,891,7.6,0.27,0.1,0.8,0.9,1.7,0.091,0.557,0.616,2.9,11.9,7.5,4.5,1,0.5,6.5,8.8,-2.1,0.5,-1.6
"11","Boston Celtics","Javonte Green",26,44,414,12.3,0.27,0.1,0.3,0.7,1,0.112,0.558,0.235,4.7,15.9,10.4,7.6,2.7,1.6,13.7,13.6,-2.4,1.8,-0.6
"12","Boston Celtics","Robert Williams",22,23,323,19.6,1.35,0.5,0.6,0.8,1.4,0.205,0.671,0,11.4,24.3,17.9,9.5,3,8,21.5,12.3,-0.6,4.4,3.8
"13","Boston Celtics","Carsen Edwards",21,35,316,6.5,-0.54,-0.2,-0.3,0.4,0.1,0.012,0.446,0.602,2.1,12.4,7.3,9.5,1.5,0.9,11.2,18.1,-4.6,-0.3,-4.9
"14","Boston Celtics","Romeo Langford",20,27,298,6,-0.54,-0.2,-0.1,0.3,0.2,0.039,0.465,0.359,5.1,6.4,5.8,2.6,1.3,1.9,10.8,11.9,-4.5,-0.1,-4.6
"15","Boston Celtics","Vincent Poirier",26,21,114,12.8,-0.27,-0.1,0.1,0.2,0.3,0.124,0.54,0.061,9.5,22.4,16,8.6,0.8,4.9,14.3,15.8,-4.5,0.7,-3.8
"16","Boston Celtics","Tremont Waters",22,10,89,6.5,-0.27,-0.1,-0.2,0.1,-0.1,-0.045,0.438,0.486,0,10.7,5.4,18.8,2.7,2.1,21,22.9,-6.6,0.1,-6.5
"17","Boston Celtics","Tacko Fall",24,6,24,23.9,0,0,0,0.1,0.1,0.102,0.713,0,0,48.7,24.6,0,0,7.7,18.4,29,-2,3.1,1
"18","Toronto Raptors","Kyle Lowry",33,52,1901,17.9,6.75,2.5,4.1,2.8,6.9,0.173,0.589,0.583,1.7,12,7,31,1.8,1.1,15,23.1,2.5,0.7,3.2
"19","Toronto Raptors","OG Anunoby",22,63,1897,13.2,3.78,1.4,1.8,3.3,5.1,0.13,0.598,0.408,4.2,14.6,9.5,7.5,2.2,2.1,11.7,14.4,-0.9,1.8,0.9
"20","Toronto Raptors","Pascal Siakam",25,53,1882,18.7,5.4,2,2,3.2,5.2,0.133,0.559,0.32,3.3,18.8,11.2,17,1.3,2.5,10.5,28.5,1.7,0.5,2.2
"21","Toronto Raptors","Fred VanVleet",25,48,1719,16,4.86,1.8,2.2,2.7,4.9,0.136,0.546,0.482,1.1,9.7,5.5,27.4,2.5,0.7,12.4,22,1,1.3,2.3
"22","Toronto Raptors","Serge Ibaka",30,50,1377,18,2.43,0.9,1.5,2.4,3.9,0.136,0.593,0.266,8.2,23.3,15.9,8.8,0.8,2.9,12.9,24.1,0.5,-0.1,0.4
"23","Toronto Raptors","Norman Powell",26,44,1269,17.4,3.78,1.4,2.2,1.9,4.2,0.157,0.629,0.457,2,11.2,6.7,9.7,2.1,1.3,10,21.5,1.4,0.9,2.3
"24","Toronto Raptors","Terence Davis",22,64,1087,14.5,2.43,0.9,1.4,1.6,3,0.133,0.598,0.568,4.6,16.3,10.5,14.6,1.4,1.1,13.6,18.9,0.7,0.6,1.3
"25","Toronto Raptors","Rondae Hollis-Jefferson",25,52,998,15.5,1.62,0.6,1.4,1.8,3.2,0.153,0.533,0.058,11,15.8,13.4,12.9,2.1,2.1,12.2,17.2,-1.1,1.5,0.5
"26","Toronto Raptors","Marc Gasol",35,36,990,11.9,2.43,0.9,0.9,1.8,2.7,0.128,0.546,0.538,3.2,20.8,12.2,16.9,1.3,3.2,14.6,12.7,-0.9,2.7,1.8
"27","Toronto Raptors","Patrick McCaw",24,37,908,7.3,0,0,0.2,1.2,1.4,0.073,0.5,0.438,2.3,7.6,5,11.4,2,0.4,14.6,9.4,-3.6,1.8,-1.8
"28","Toronto Raptors","Chris Boucher",27,55,724,19.8,1.62,0.6,1.7,1.5,3.2,0.214,0.57,0.381,14,21.1,17.7,4.7,1.3,7.1,7,19.4,0.4,1,1.4
"29","Toronto Raptors","Matt Thomas",25,33,321,13.6,0.81,0.3,0.5,0.4,0.9,0.137,0.65,0.676,2.4,13.2,7.9,7.9,1.2,0,9.4,17,1,0.4,1.4
"30","Toronto Raptors","Oshae Brissett",21,19,135,6.7,-0.27,-0.1,-0.1,0.2,0.1,0.042,0.458,0.417,7.2,13,10.2,7,1.4,0.7,14.8,15,-5.7,0.3,-5.4
"31","Toronto Raptors","Malcolm Miller",26,25,125,4.7,0,0,-0.1,0.2,0.1,0.037,0.432,0.792,0.9,10.8,5.9,8.3,1.5,1.5,10.1,10.1,-4.3,1.4,-2.9
"32","Toronto Raptors","Stanley Johnson",23,20,96,3.1,-0.27,-0.1,-0.3,0.2,-0.1,-0.068,0.342,0.419,3.4,20.5,12.1,11,2,2,19.2,18.6,-7.9,1.4,-6.5
"33","Toronto Raptors","Shamorie Ponds",21,4,11,33.2,0,0,0.1,0,0.1,0.451,0.765,0.4,0,9.4,4.8,32.1,0,8.8,0,22.9,8.4,5.3,13.7
"34","Toronto Raptors","Dewan Hernandez",23,4,11,4.2,-0.27,-0.1,0,0,0,0.003,0.34,0.2,19.6,47,33.6,0,4.3,0,14.5,26.8,-18.3,-3,-21.3
"35","Toronto Raptors","Paul Watson",25,3,8,13.6,0,0,0,0,0,0.114,0.266,1,0,25.9,13.2,29.8,0,12.1,0,10.1,1.1,5.8,6.9
"36","Brooklyn Nets","Spencer Dinwiddie",26,64,1994,17.9,5.13,1.9,3.4,1.7,5.1,0.123,0.541,0.392,1.7,9.5,5.7,35.6,1,0.9,12.5,29.2,2.6,-0.8,1.7
"37","Brooklyn Nets","Joe Harris",28,63,1946,12.7,2.16,0.8,2.1,1.7,3.8,0.094,0.592,0.523,3.3,10.9,7.2,10.3,0.9,0.7,11.1,17.9,0,-0.5,-0.5
"38","Brooklyn Nets","Taurean Waller-Prince",25,64,1857,9.2,-1.35,-0.5,-1.7,2.4,0.7,0.019,0.497,0.583,2.8,17.9,10.6,9.3,1.5,1.1,14,20.4,-2.9,-0.1,-3
"39","Brooklyn Nets","Jarrett Allen",21,64,1647,20.3,4.59,1.7,4.3,2.8,7.1,0.207,0.658,0.012,12.5,25,18.9,7.8,1.1,4.3,12.2,15,1,1.1,2.1
"40","Brooklyn Nets","Garrett Temple",33,55,1547,10.3,1.08,0.4,0.5,1.6,2.1,0.065,0.507,0.66,1.9,10.5,6.3,13.1,1.3,1.4,9.3,16.6,-1.5,0.4,-1.1
"41","Brooklyn Nets","DeAndre Jordan",31,56,1234,20,4.05,1.5,3,2.3,5.3,0.204,0.682,0,12.1,34.2,23.4,12.8,0.7,3.5,17.8,14.1,1.1,1.8,2.8
"42","Brooklyn Nets","Caris LeVert",25,39,1131,15.1,1.08,0.4,-0.1,1.2,1.2,0.05,0.509,0.31,3.7,10.6,7.2,23.5,1.8,0.5,12.6,28.8,0.1,-0.7,-0.6
"43","Brooklyn Nets","Wilson Chandler",32,35,734,7.4,-0.54,-0.2,-0.1,0.9,0.8,0.05,0.531,0.661,1.6,18.3,10.2,7.4,1,1.4,15,13,-3.9,1,-2.9
"44","Brooklyn Nets","Timothé Luwawu-Cabarrot",24,39,671,8.9,-0.54,-0.2,0.4,0.6,1,0.069,0.563,0.568,3.8,10,7,5.3,1.1,0.7,12.7,15.7,-3,-0.2,-3.2
"45","Brooklyn Nets","Kyrie Irving",27,20,658,26.3,4.32,1.6,2.1,0.8,3,0.216,0.595,0.341,3.5,12.4,8.1,37.4,1.9,1.3,10.1,32.6,6.6,1,7.6
"46","Brooklyn Nets","Rodions Kurucs",21,39,501,8.4,-0.27,-0.1,-0.1,0.6,0.5,0.048,0.554,0.485,3.8,15.8,10,9.4,1.6,0.5,19.3,15.1,-3.9,0.9,-2.9
"47","Brooklyn Nets","Džanan Musa",20,35,404,8.4,-0.81,-0.3,-0.4,0.4,0,0.006,0.467,0.468,5,12.9,9,11,1.5,0.2,15.5,19.4,-4.1,-0.7,-4.8
"48","Brooklyn Nets","Theo Pinson",24,33,365,5.2,-1.35,-0.5,-1,0.5,-0.6,-0.074,0.37,0.516,2.9,12.1,7.6,22,2.2,0.9,16.9,22.4,-6.9,-0.2,-7.1
"49","Brooklyn Nets","David Nwaba",27,20,268,14,0.54,0.2,0.4,0.4,0.8,0.142,0.627,0.394,3.2,13.9,8.6,4.4,1.9,3.7,8.8,14.2,-1.1,2,1
"50","Brooklyn Nets","Iman Shumpert",29,13,241,5.3,-0.54,-0.2,-0.3,0.3,0,-0.001,0.403,0.516,3.9,10.4,7.3,6.8,2.4,0.7,13,13.4,-6.4,0.8,-5.6
"51","Brooklyn Nets","Nicolas Claxton",20,15,187,14.9,0.27,0.1,0.3,0.2,0.5,0.124,0.577,0.146,10.7,13.4,12.1,12.6,0.3,3.5,13.6,14.8,-0.7,0,-0.7
"52","Brooklyn Nets","Chris Chiozza",24,11,126,16.5,0.54,0.2,0.3,0.1,0.4,0.154,0.621,0.556,5,11.2,8.2,24.5,1.9,0,14.8,17.9,1.8,1.1,3
"53","Brooklyn Nets","Justin Anderson",26,3,17,-3.8,-0.27,-0.1,-0.1,0,-0.1,-0.167,0.218,0.5,0,11.8,6.1,0,0,4.9,0,16.9,-12.8,-2.3,-15.1
"54","Brooklyn Nets","Jeremiah Martin",23,3,16,5.9,0,0,0,0,0,-0.04,0.2,0.2,0,12.6,6.4,16.5,3,5.2,0,13.1,-6.6,3.6,-3
"55","Brooklyn Nets","Henry Ellenson",23,5,15,-1.2,0,0,-0.1,0,-0.1,-0.18,0.143,0.571,14.1,26.8,20.6,8.8,0,0,0,19.5,-7.9,-3.1,-11
"56","New York Knicks","Julius Randle",25,64,2080,17.5,2.43,0.9,1,1.7,2.7,0.062,0.538,0.23,7.5,24.9,16,15.8,1.2,1,14.3,27.6,0.7,-1,-0.3
"57","New York Knicks","RJ Barrett",19,56,1704,10.7,-2.7,-1,-1.6,1.1,-0.5,-0.015,0.479,0.271,3,14.8,8.7,12.8,1.6,0.9,12.9,24,-2.8,-1.5,-4.3
"58","New York Knicks","Mitchell Robinson",21,61,1412,23.5,4.86,1.8,4.8,2,6.8,0.23,0.726,0,13.7,18.8,16.2,3.9,1.8,8,8.3,13.3,1.6,1.3,3
"59","New York Knicks","Bobby Portis",24,66,1393,14.6,0.81,0.3,0.9,1,1.9,0.064,0.53,0.317,6,20.4,12.9,11.1,1.1,1.2,10.4,21.4,0.1,-1.1,-1
"60","New York Knicks","Marcus Morris",30,43,1387,16.5,2.7,1,2.2,0.8,2.9,0.101,0.582,0.415,3.6,14.7,9,6.8,1.2,1.2,9.2,24.4,1.9,-1.1,0.8
"61","New York Knicks","Elfrid Payton",25,45,1246,16,1.62,0.6,0.5,1.2,1.7,0.065,0.47,0.157,4.3,14.1,9.1,38.6,2.7,1.3,16.7,19.5,-0.3,0.3,0
"62","New York Knicks","Frank Ntilikina",21,57,1187,9.8,-1.08,-0.4,0.1,0.8,0.9,0.037,0.497,0.411,2,9.1,5.4,20.2,2.2,1.3,16.5,15.4,-3.6,0.4,-3.2
"63","New York Knicks","Kevin Knox",20,65,1166,8.4,-1.62,-0.6,-0.5,0.7,0.2,0.006,0.47,0.496,2.5,14.7,8.4,7.4,1,2.3,9.2,17.8,-3.1,-1.1,-4.2
"64","New York Knicks","Taj Gibson",34,62,1025,16.1,0.54,0.2,1.8,0.8,2.6,0.12,0.61,0.049,11.2,16.7,13.9,7.6,1.3,2.8,13.1,14.8,-0.7,-0.4,-1.1
"65","New York Knicks","Damyean Dotson",25,48,836,10.9,0.27,0.1,0.6,0.3,0.9,0.053,0.527,0.562,1.2,10.6,5.8,10,1.3,0.5,6.5,16.5,-0.9,-0.5,-1.4
"66","New York Knicks","Reggie Bullock",28,29,684,9.3,-0.54,-0.2,0.2,0.3,0.5,0.036,0.502,0.496,2,8.8,5.3,8.8,1.8,0.4,7.5,15.6,-2.7,-0.3,-3
"67","New York Knicks","Wayne Ellington",32,36,558,8.5,-0.27,-0.1,0.2,0.2,0.4,0.035,0.509,0.822,0.7,12,6.2,11,1.1,0.7,9.1,15,-1.9,-1,-2.8
"68","New York Knicks","Dennis Smith",22,34,537,7.5,-1.62,-0.6,-1.3,0.5,-0.9,-0.079,0.399,0.256,4.1,11.7,7.7,26.4,2.5,1.4,19.8,23.1,-5.2,-0.9,-6.1
"69","New York Knicks","Allonzo Trier",24,24,291,14.5,0.27,0.1,0.5,0.1,0.5,0.087,0.62,0.5,2.1,8.7,5.3,14.8,0.5,1.3,15,21.4,1,-1.5,-0.5
"70","New York Knicks","Maurice Harkless",26,12,286,10.1,-0.27,-0.1,0.3,0.2,0.4,0.069,0.536,0.379,2.9,12.3,7.5,9.7,1.5,1,8.4,12.4,-3.1,-0.3,-3.5
"71","New York Knicks","Kadeem Allen",27,10,117,14,0,0,0.1,0.1,0.1,0.053,0.512,0.364,1.8,6.6,4.1,27,2.1,1.6,14.1,20.6,0,-0.6,-0.6
"72","New York Knicks","Ignas Brazdeikis",21,9,53,3.3,-0.27,-0.1,-0.1,0,-0.1,-0.109,0.351,0.409,3.9,6.2,5,10.6,0,1.8,7.6,21,-5,-3.9,-8.9
"73","Philadelphia 76ers","Tobias Harris",27,65,2243,16.8,4.05,1.5,3,2.6,5.6,0.12,0.557,0.309,2.7,19,10.8,14.6,1.1,1.3,7.9,23.6,1,-0.4,0.6
"74","Philadelphia 76ers","Ben Simmons",23,54,1930,20.8,7.83,2.9,3.8,3.2,7,0.174,0.608,0.01,6.2,18,12.1,34.8,2.9,1.4,20.6,20.9,1.4,2.4,3.9
"75","Philadelphia 76ers","Al Horford",33,60,1848,15.6,5.4,2,2.5,2.5,5,0.13,0.526,0.404,5.5,19.1,12.3,19.2,1.4,2.5,8.7,17.6,1.1,1.1,2.2
"76","Philadelphia 76ers","Josh Richardson",26,48,1474,12.1,0.27,0.1,0.3,1.6,1.9,0.062,0.526,0.373,2.8,9.4,6.1,14.8,1.5,2,12.6,21.1,-1.5,-0.2,-1.7
"77","Philadelphia 76ers","Furkan Korkmaz",22,64,1398,11.7,0.54,0.2,1,1.3,2.3,0.079,0.571,0.617,1.3,10.4,5.8,7.3,1.3,0.9,8.7,18.5,-0.6,-0.9,-1.5
"78","Philadelphia 76ers","Joel Embiid",25,44,1329,26,6.48,2.4,3.2,2.4,5.6,0.203,0.593,0.23,10.1,33.1,21.6,17.3,1.4,3.7,13.4,32.6,4.1,1.2,5.2
"79","Philadelphia 76ers","Mike Scott",31,63,1119,10.2,-0.27,-0.1,1,1.1,2.1,0.089,0.539,0.639,5.7,16.5,11.1,5.9,0.8,0.4,6.7,13.8,-1.2,-1.1,-2.3
"80","Philadelphia 76ers","Matisse Thybulle",22,57,1110,9.8,1.62,0.6,0.1,1.8,1.9,0.084,0.53,0.607,3.5,5.1,4.3,8.3,3.5,3.1,15.1,11.6,-3,3.1,0.1
"81","Philadelphia 76ers","James Ennis",29,49,776,12.3,0.27,0.1,0.8,0.9,1.8,0.109,0.564,0.469,6.8,14.5,10.7,7.4,1.4,1.5,10.9,15.8,-1.6,0,-1.6
"82","Philadelphia 76ers","Shake Milton",23,32,611,15.2,0.81,0.3,1.1,0.6,1.7,0.134,0.633,0.488,2,10.3,6.1,17.4,1.5,0.8,13.7,19.6,0.3,-0.6,-0.3
"83","Philadelphia 76ers","Raul Neto",27,49,565,11.5,0,0,0.2,0.6,0.8,0.071,0.562,0.406,2.1,8,5.1,19.3,1.9,0.8,18.2,17.6,-1.8,-0.1,-1.9
"84","Philadelphia 76ers","Trey Burke",27,25,329,15.4,0.27,0.1,0.6,0.2,0.9,0.129,0.545,0.299,5,6.7,5.9,24.2,1,0.3,8.2,19.3,0.7,-1.1,-0.5
"85","Philadelphia 76ers","Kyle O'Quinn",29,26,258,18.1,0.54,0.2,0.3,0.5,0.8,0.155,0.541,0.319,13.7,28.3,21,19.1,0.9,7.3,18.3,16.5,-0.7,2.2,1.5
"86","Philadelphia 76ers","Glenn Robinson",26,12,227,14.9,0.27,0.1,0.5,0.2,0.7,0.147,0.594,0.296,5.8,10.7,8.3,7.1,1.7,0.8,3.8,14.8,-0.2,-0.9,-1.1
"87","Philadelphia 76ers","Alec Burks",28,11,222,14.9,0,0,0.2,0.2,0.5,0.103,0.527,0.49,3,14.9,9,13.4,1.8,0,7.4,23.5,-0.2,-1.5,-1.7
"88","Philadelphia 76ers","Norvel Pelle",26,20,178,11.2,-0.27,-0.1,-0.1,0.4,0.3,0.082,0.521,0,9.9,27.3,18.6,5.3,0.3,12,24.4,12.9,-7.1,3.1,-4.1
"89","Philadelphia 76ers","Zhaire Smith",20,7,32,1.1,-0.27,-0.1,-0.1,0.1,-0.1,-0.118,0.313,0.273,0,6.9,3.5,8.3,4.6,0,13.6,19.9,-10.8,0.8,-10
"90","Philadelphia 76ers","Jonah Bolden",24,4,14,-2,0,0,-0.1,0,0,-0.147,0.515,0.333,0,7.9,3.9,0,3.5,0,34,18.1,-13.9,-0.7,-14.7
"91","Philadelphia 76ers","Marial Shayok",24,2,10,-2,0,0,-0.1,0,0,-0.227,0.3,0.6,0,33.1,16.6,13.4,0,0,16.7,25.9,-8.7,-2.6,-11.3
"92","Chicago Bulls","Zach LaVine",24,60,2085,19.5,6.48,2.4,1.8,2.2,4,0.092,0.568,0.404,2.1,13.8,7.7,21.7,2,1.3,13.3,31.7,3.3,-0.8,2.5
"93","Chicago Bulls","Tomáš Satoranský",28,65,1878,13.5,1.08,0.4,1.8,1.7,3.5,0.09,0.533,0.361,4.3,11,7.5,27.1,2.1,0.4,17.7,16.7,-1,-0.2,-1.2
"94","Chicago Bulls","Coby White",19,65,1674,11.9,-0.81,-0.3,-0.4,1.4,0.9,0.026,0.506,0.475,1.8,14,7.6,16.5,1.4,0.3,11.4,24.4,-1.2,-1.6,-2.8
"95","Chicago Bulls","Thaddeus Young",31,64,1591,13.3,1.08,0.4,-0.2,2.1,1.9,0.058,0.521,0.369,6.2,16.1,10.9,11.3,2.8,1.4,13.9,19.7,-1.4,0.2,-1.1
"96","Chicago Bulls","Lauri Markkanen",22,50,1492,14.3,1.35,0.5,1.1,1.6,2.6,0.084,0.56,0.536,4.2,19.7,11.6,7.6,1.4,1.5,11,21.1,0.2,-0.8,-0.5
"97","Chicago Bulls","Kris Dunn",25,51,1269,12.1,1.08,0.4,0.3,2,2.3,0.085,0.51,0.327,1.9,14.9,8.1,19.4,3.8,1.3,15.7,14.6,-3.7,3.1,-0.6
"98","Chicago Bulls","Wendell Carter",20,43,1256,15.5,-0.27,-0.1,1.7,1.6,3.3,0.127,0.59,0.085,11.6,24.6,17.8,6,1.3,2.7,14.9,16.4,-2.1,-0.3,-2.4
"99","Chicago Bulls","Ryan Arcidiacono",25,58,930,9,-0.54,-0.2,0.7,0.7,1.4,0.07,0.551,0.627,2.3,11.2,6.5,14.3,1.4,0.3,13.5,12.5,-2.7,-0.1,-2.8
"100","Chicago Bulls","Daniel Gafford",21,43,609,16.2,0.27,0.1,1.1,0.8,1.8,0.146,0.686,0,9,10.3,9.6,5.2,1,8.7,15.3,13.3,-2.8,1.5,-1.3
"101","Chicago Bulls","Luke Kornet",24,36,559,12.7,0.27,0.1,0.5,0.5,1.1,0.091,0.539,0.578,4.1,12.9,8.3,8.5,0.9,4.4,6.6,16.3,-0.9,-0.2,-1.1
"102","Chicago Bulls","Chandler Hutchison",23,28,527,12.4,-0.27,-0.1,0,0.7,0.7,0.06,0.521,0.217,3.6,19.8,11.3,7.4,2.5,1.3,11.4,19.1,-2.7,0.1,-2.6
"103","Chicago Bulls","Denzel Valentine",26,36,488,13,0.54,0.2,-0.1,0.6,0.5,0.048,0.511,0.578,1.9,15.5,8.4,14.2,2.6,1.2,9.8,23.3,-0.7,0.2,-0.5
"104","Chicago Bulls","Shaquille Harrison",26,43,484,17.8,1.62,0.6,0.8,0.8,1.5,0.153,0.559,0.255,4.8,15.3,9.8,15.3,3.4,3.7,9.2,18.1,0.4,2.4,2.8
"105","Chicago Bulls","Cristiano Felício",27,22,386,12.8,-0.27,-0.1,0.7,0.3,1,0.126,0.671,0.037,15,14.1,14.6,5.7,1.2,0.5,21.9,9.1,-1.4,-1.6,-3
"106","Chicago Bulls","Otto Porter",26,14,331,15.8,0.81,0.3,0.4,0.4,0.8,0.112,0.55,0.443,4.1,12.3,8,11.9,2.2,1.7,6.8,21,0.9,0.2,1
"107","Chicago Bulls","Adam Mokoka",21,11,112,8.2,-0.27,-0.1,0.1,0.1,0.2,0.073,0.538,0.536,6.6,3.1,4.9,5,1.7,0,6.3,12.1,-3.1,-1,-4.1
"108","Chicago Bulls","Max Strus",23,2,6,30.7,0,0,0,0,0,0.317,0.727,0.333,17.5,0,9.2,0,0,0,0,24.4,5.4,-1,4.4
"109","Milwaukee Bucks","Giannis Antetokounmpo",25,57,1763,31.6,16.2,6,5.6,4.8,10.4,0.282,0.608,0.238,7.8,34.5,22,33.9,1.5,2.9,13.1,37.4,7.4,4.1,11.5
"110","Milwaukee Bucks","Khris Middleton",28,55,1653,21.4,7.29,2.7,4.3,3.1,7.4,0.214,0.619,0.374,2.5,17,10.2,21,1.4,0.4,10.8,26.2,3.4,0.9,4.4
"111","Milwaukee Bucks","Brook Lopez",31,61,1622,14,4.05,1.5,0.8,3.9,4.6,0.137,0.537,0.497,2.7,13.2,8.3,7.8,1.2,8,9.2,17.5,-1.1,2.8,1.8
"112","Milwaukee Bucks","Wesley Matthews",33,62,1529,8.4,0.27,0.1,0.8,2.4,3.1,0.099,0.545,0.691,1.4,8.5,5.2,7.4,1.1,0.5,8.7,12.7,-2.5,0.8,-1.7
"113","Milwaukee Bucks","Eric Bledsoe",30,56,1524,18.1,4.32,1.6,2.4,2.9,5.3,0.168,0.579,0.304,2.8,13.3,8.4,28.5,1.6,1.4,15.8,24,1.1,1.1,2.2
"114","Milwaukee Bucks","Donte DiVincenzo",23,59,1362,15,3.78,1.4,1.4,3.1,4.5,0.158,0.57,0.489,4.6,15.7,10.5,13.3,2.7,1.2,12.9,16.9,-0.6,2.7,2.1
"115","Milwaukee Bucks","Pat Connaughton",27,61,1119,11.2,1.89,0.7,0.9,2.1,3,0.13,0.558,0.525,5.3,16.9,11.4,10.6,0.8,2.3,14.5,11.9,-1.1,1.6,0.5
"116","Milwaukee Bucks","George Hill",33,52,1103,17.5,4.05,1.5,3.2,1.9,5.1,0.22,0.668,0.452,4.3,9.2,6.9,18.4,1.7,0.3,11.6,15.8,1.8,1.4,3.2
"117","Milwaukee Bucks","Ersan Ilyasova",32,56,895,15.2,1.62,0.6,1.5,1.9,3.4,0.18,0.591,0.428,7.1,22.5,15.2,7,1.2,1.4,9.3,16.4,-0.2,0.8,0.6
"118","Milwaukee Bucks","Robin Lopez",31,60,862,11.1,0,0,0.2,1.5,1.7,0.095,0.565,0.352,6.3,10.2,8.4,6.4,0.5,4.1,15.6,16.6,-2.4,0.5,-1.9
"119","Milwaukee Bucks","Kyle Korver",38,50,833,11.2,1.35,0.5,0.8,1.4,2.2,0.125,0.613,0.799,1.8,10.1,6.2,9.5,1.2,1.3,13.3,15.7,-0.5,0.7,0.2
"120","Milwaukee Bucks","Sterling Brown",24,45,665,9.3,0,0,-0.4,1.3,1,0.071,0.478,0.523,4.4,19.2,12.3,8.8,1.5,0.9,13.4,16.7,-3.1,1,-2
"121","Milwaukee Bucks","D.J. Wilson",23,31,280,8.4,-0.27,-0.1,-0.2,0.5,0.3,0.055,0.476,0.545,3.8,19.3,12,10.3,0.3,1.6,12.5,17.7,-3.9,0.3,-3.6
"122","Milwaukee Bucks","Marvin Williams",33,11,203,9.7,0.54,0.2,0.2,0.4,0.6,0.148,0.54,0.692,2.6,15.6,9.5,9,2,1.7,6.9,8.9,-2,3.4,1.4
"123","Milwaukee Bucks","Thanasis Antetokounmpo",27,18,93,14.2,0,0,0,0.2,0.2,0.083,0.528,0.194,12.4,8,10.1,13.8,2.9,1.9,20.5,23.8,-4,1.7,-2.3
"124","Milwaukee Bucks","Dragan Bender",22,7,91,8.5,0,0,0,0.2,0.2,0.11,0.582,0.429,0,20.5,10.9,12.5,0,4.8,18.3,12.4,-4.3,3,-1.3
"125","Milwaukee Bucks","Frank Mason",25,6,53,4.2,-0.27,-0.1,-0.2,0.1,-0.1,-0.06,0.337,0.526,6,8.8,7.5,25.6,1.7,0,22.4,20.8,-7.5,-0.9,-8.4
"126","Cleveland Cavaliers","Collin Sexton",21,65,2143,16.3,0.27,0.1,2.2,0.3,2.5,0.057,0.56,0.235,3.1,7.5,5.3,15.1,1.5,0.3,11.6,27.2,0.3,-2.1,-1.8
"127","Cleveland Cavaliers","Cedi Osman",24,65,1910,10.7,-0.81,-0.3,1.1,0.5,1.6,0.04,0.552,0.527,2.2,11.3,6.7,11.6,1.4,0.7,12.3,16.6,-1.6,-0.9,-2.6
"128","Cleveland Cavaliers","Darius Garland",20,59,1824,8.5,-4.59,-1.7,-1.3,0,-1.3,-0.035,0.498,0.423,1.6,5.2,3.4,18.5,1.1,0.2,17.1,20.7,-2.7,-2.9,-5.6
"129","Cleveland Cavaliers","Kevin Love",31,56,1780,17.9,4.86,1.8,2.5,1.2,3.8,0.102,0.599,0.536,3.3,31.1,17.1,15.4,0.9,0.9,14.5,23.1,2.6,-0.6,2.1
"130","Cleveland Cavaliers","Tristan Thompson",28,57,1721,16.8,0.54,0.2,2,1.1,3.1,0.085,0.54,0.041,14.5,22.9,18.6,10.5,0.9,2.5,14,18.3,-0.2,-1.3,-1.5
"131","Cleveland Cavaliers","Larry Nance",27,56,1472,17.3,3.78,1.4,2.8,1.1,3.9,0.128,0.608,0.369,7.9,23.1,15.4,12.3,1.9,1.3,11.5,15.2,1.4,0.3,1.8
"132","Cleveland Cavaliers","Kevin Porter",19,50,1162,10.8,-1.35,-0.5,-0.3,0.6,0.3,0.011,0.535,0.375,2.1,13.5,7.7,13.9,1.9,1,16.7,20.5,-3.2,-0.6,-3.7
"133","Cleveland Cavaliers","Matthew Dellavedova",29,57,821,8.1,-1.89,-0.7,0.1,0.1,0.2,0.01,0.463,0.52,2.4,7.8,5.1,29,1.2,0.2,23.6,13,-3.6,-1.6,-5.2
"134","Cleveland Cavaliers","Jordan Clarkson",27,29,666,18.6,2.16,0.8,1.4,0.1,1.5,0.108,0.581,0.488,3.5,8.1,5.8,17,1.2,1,9.7,25.9,4.1,-1.4,2.7
"135","Cleveland Cavaliers","Alfonzo McKinnie",27,40,593,8.7,-1.35,-0.5,-0.2,0.3,0.2,0.014,0.493,0.38,6.9,14.4,10.6,3.3,1.9,1.2,12.3,15.2,-4.4,-0.9,-5.3
"136","Cleveland Cavaliers","John Henson",29,29,412,16.9,0.81,0.3,0.4,0.5,0.9,0.109,0.539,0.258,8.5,22.3,15.4,15.2,1.9,6.7,13.5,16.1,-1.1,2.3,1.1
"137","Cleveland Cavaliers","Dante Exum",24,24,402,11.5,0,0,0.4,0.2,0.5,0.063,0.592,0.385,2.5,12.8,7.6,11.4,1.5,1.3,15.6,14.4,-1.9,-0.4,-2.3
"138","Cleveland Cavaliers","Brandon Knight",28,16,241,5.5,-0.81,-0.3,-0.3,0,-0.3,-0.062,0.431,0.744,1.4,7.9,4.6,18,1,0.7,14.9,19.1,-3.9,-2.8,-6.6
"139","Cleveland Cavaliers","Andre Drummond",26,8,225,21.1,0.27,0.1,-0.1,0.3,0.3,0.054,0.573,0.133,11.7,32.4,22,10.8,2.6,4.2,19.2,28.7,-0.8,0.4,-0.5
"140","Cleveland Cavaliers","Ante Žižic",23,22,221,16.4,-0.27,-0.1,0.3,0.2,0.5,0.106,0.597,0,9,24.4,16.6,4.2,1.5,1.9,11.1,17.5,-1.7,-1.5,-3.2
"141","Cleveland Cavaliers","Dean Wade",23,12,71,13.9,0,0,0.1,0.1,0.2,0.104,0.744,0.308,4.6,25.3,14.9,4,1.4,4.8,18.2,9.9,-1.7,0.5,-1.2
"142","Cleveland Cavaliers","Tyler Cook",22,11,35,23.8,0,0,0.2,0,0.2,0.244,0.752,0,12.6,19.2,15.9,4.5,1.4,0,7.3,16.7,3,-0.6,2.4
"143","Cleveland Cavaliers","Matt Mooney",22,4,19,8.1,0,0,0,0,0,0.006,0.25,0.5,0,17.7,8.8,6.7,5.1,4.5,0,9,-5.3,5,-0.3
"144","Cleveland Cavaliers","Malik Newman",22,1,4,-11.3,0,0,0,0,0,-0.503,0.347,0.5,0,0,0,0,0,0,25.8,41.5,-14.5,-11.3,-25.9
"145","Cleveland Cavaliers","Marques Bolden",21,1,3,19.8,0,0,0,0,0,0.282,NA,NA,0,74.7,37,0,16.2,0,NA,0,-5.8,11.3,5.5
"146","Cleveland Cavaliers","J.P. Macura",24,1,1,0,0,0,0,0,0,-0.023,NA,NA,0,0,0,0,0,0,NA,0,-5.1,-1.2,-6.3
"147","Indiana Pacers","Domantas Sabonis",23,62,2159,20.7,7.83,2.9,4.2,3.3,7.6,0.168,0.586,0.079,9.7,29.5,19.7,21.7,1.1,1.2,14.8,23.4,2.1,1.1,3.2
"148","Indiana Pacers","T.J. Warren",26,61,1984,17.2,2.97,1.1,3.1,2.2,5.3,0.129,0.599,0.212,3.4,10,6.7,6.8,1.7,1.2,7.5,22.8,0.4,-0.2,0.2
"149","Indiana Pacers","Myles Turner",23,55,1628,14.7,2.43,0.9,1,2.8,3.7,0.111,0.561,0.443,4.8,19.5,12.2,5.1,1.3,6.5,10.5,17.5,-0.9,1.1,0.2
"150","Indiana Pacers","Justin Holiday",30,65,1617,12.7,4.05,1.5,1.7,2.2,4,0.117,0.598,0.667,2.1,11.9,7,7.1,2.3,2.3,8,13.5,0,1.7,1.6
"151","Indiana Pacers","Malcolm Brogdon",27,48,1472,17.8,3.78,1.4,2,1.4,3.5,0.113,0.537,0.296,3,13.8,8.5,34.5,1.1,0.5,13.6,25.2,2.2,-0.5,1.7
"152","Indiana Pacers","Aaron Holiday",23,58,1368,11.7,0.27,0.1,0.4,1.4,1.7,0.06,0.517,0.409,1.7,8.9,5.3,19.5,1.6,0.8,12.4,19.4,-1.4,-0.3,-1.7
"153","Indiana Pacers","Jeremy Lamb",27,46,1291,14.1,1.35,0.5,0.9,1.8,2.7,0.099,0.547,0.33,2.1,14.9,8.5,10.5,2.1,1.5,8.7,19.7,-1.1,0.7,-0.4
"154","Indiana Pacers","Doug McDermot",28,62,1242,14.3,1.62,0.6,2.1,0.9,3,0.115,0.626,0.54,2.1,11.7,6.9,8.3,0.4,0.3,7.2,19.6,1.5,-1.5,0
"155","Indiana Pacers","T.J. McConnell",27,63,1188,16.2,1.89,0.7,1.6,1.4,2.9,0.119,0.541,0.041,3,12.1,7.6,37.2,1.8,0.8,18.5,17.2,0.1,0.2,0.3
"156","Indiana Pacers","Goga Bitadze",20,49,410,12.2,0,0,-0.1,0.7,0.6,0.069,0.53,0.279,6,19.8,12.9,7.1,0.7,6.9,14.8,18.1,-4,1.5,-2.5
"157","Indiana Pacers","Edmond Sumner",24,25,345,10,-0.27,-0.1,-0.1,0.4,0.3,0.039,0.485,0.342,3.2,8.6,5.9,15.4,2.1,2,13.9,17.4,-3.6,0.4,-3.1
"158","Indiana Pacers","JaKarr Sampson",26,26,340,11.8,0,0,0.4,0.4,0.8,0.117,0.607,0.16,4.9,14.2,9.6,3.6,1.3,2.3,7.2,12.5,-2.7,0.8,-1.8
"159","Indiana Pacers","Victor Oladipo",27,13,337,12,-0.27,-0.1,-0.3,0.4,0.1,0.008,0.5,0.429,2.3,11,6.7,16.9,1.6,0.8,13.5,27,-1.7,-1.3,-3
"160","Indiana Pacers","T.J. Leaf",22,25,193,13.8,0,0,0,0.3,0.4,0.088,0.485,0.203,12.1,24.4,18.3,4.3,2,1.4,8.6,18.5,-1.4,-0.1,-1.5
"161","Indiana Pacers","Alize Johnson",23,13,54,10.8,0,0,0,0.1,0.1,0.07,0.51,0,14.4,22.3,18.4,5,0,0,14.5,16.8,-3.2,-1.6,-4.8
"162","Indiana Pacers","Naz Mitrou-Long",26,3,43,10.1,0,0,0,0,0,0.015,0.438,0.688,0,15.3,7.7,22.2,1.1,2,11.1,18.4,-1.9,2.4,0.5
"163","Indiana Pacers","Brian Bowen",21,5,29,-2,-0.27,-0.1,-0.1,0,-0.1,-0.154,0.222,0.222,3.8,22.7,13.3,0,0,3,10,15.2,-9.7,-2.1,-11.8
"164","Charlotte Hornets","Devonte' Graham",24,63,2211,15.8,3.78,1.4,2.5,0.9,3.4,0.073,0.537,0.607,2,8.7,5.2,35.3,1.4,0.6,14.5,24.8,2.6,-2.1,0.5
"165","Charlotte Hornets","Terry Rozier",25,63,2164,14.9,2.16,0.8,1.9,1.1,3,0.067,0.553,0.45,2.4,11.8,7,20.4,1.4,0.4,12.1,23.7,0.8,-1.3,-0.4
"166","Charlotte Hornets","Miles Bridges",21,65,1995,12.1,-0.81,-0.3,0.3,1.3,1.6,0.038,0.52,0.398,4.6,15.6,9.9,9.4,1,2.2,10.5,20,-1.5,-1,-2.5
"167","Charlotte Hornets","P.J. Washington",21,58,1759,12.4,0.54,0.2,0.5,1.4,2,0.054,0.547,0.39,3.5,16.6,9.8,11.3,1.5,2.3,12.5,18.6,-1.7,0.1,-1.6
"168","Charlotte Hornets","Cody Zeller",27,58,1341,18.8,1.35,0.5,2.4,1.2,3.6,0.129,0.576,0.157,12.6,21.2,16.7,11.3,1.5,1.7,11.9,20.8,0.2,-0.8,-0.6
"169","Charlotte Hornets","Malik Monk",21,55,1169,12.7,-0.27,-0.1,0.1,0.6,0.7,0.028,0.53,0.418,2.4,12.6,7.3,16.6,1.1,1.3,12.6,22.9,-1,-1.3,-2.3
"170","Charlotte Hornets","Bismack Biyombo",27,53,1029,16.1,-0.27,-0.1,1.5,0.9,2.4,0.113,0.57,0,12.3,20.7,16.3,7.8,0.5,4.4,12.2,16.8,-1.8,-0.7,-2.5
"171","Charlotte Hornets","Cody Martin",24,48,903,10.5,0,0,0.2,0.8,1,0.052,0.505,0.372,4.4,15.1,9.6,15.7,2.2,0.9,15.7,13.6,-3.1,1,-2.1
"172","Charlotte Hornets","Marvin Williams",33,41,808,11.8,0.54,0.2,0.8,0.6,1.5,0.087,0.593,0.557,2,13.2,7.4,7.8,1.6,2.5,9.7,14,-1.6,0.4,-1.2
"173","Charlotte Hornets","Dwayne Bacon",24,39,687,6.1,-2.16,-0.8,-1.2,0.4,-0.8,-0.053,0.419,0.275,2.3,14,7.9,11.7,1.7,0.3,12.2,19.5,-5.9,-0.9,-6.8
"174","Charlotte Hornets","Nicolas Batum",31,22,505,9.2,0,0,0.2,0.4,0.6,0.055,0.463,0.605,5.2,16.8,10.8,18.3,1.7,1.5,20.5,9.4,-2.7,0.9,-1.9
"175","Charlotte Hornets","Willy Hernangómez",25,31,375,19.2,0.54,0.2,0.4,0.4,0.8,0.107,0.576,0.158,12.1,27.5,19.5,13.5,1.3,1.7,15.4,22.9,0.6,-0.5,0.1
"176","Charlotte Hornets","Caleb Martin",24,18,317,12,0.27,0.1,0.3,0.2,0.5,0.081,0.595,0.44,3.3,10,6.5,11.1,1.9,2,13.9,15,-1.6,0.5,-1
"177","Charlotte Hornets","Jalen McDaniels",22,16,293,10.7,-0.27,-0.1,0.2,0.2,0.5,0.078,0.574,0.343,5.4,19.4,12.1,6.8,1.4,0.9,12.4,13.3,-3.3,0,-3.3
"178","Charlotte Hornets","Michael Kidd-Gilchrist",26,12,160,6.1,-0.54,-0.2,-0.2,0.1,-0.1,-0.029,0.421,0.321,5.9,18.4,11.9,9.5,0,1.7,10.9,17.6,-5.3,-1.6,-6.9
"179","Charlotte Hornets","Joe Chealey",24,4,33,-2.8,-0.27,-0.1,-0.2,0,-0.1,-0.189,0.127,0.571,0,0,0,3.9,6.1,0,20.2,13.2,-14.3,1.7,-12.6
"180","Atlanta Hawks","Trae Young",21,60,2120,23.9,8.64,3.2,5.4,0.5,5.9,0.134,0.595,0.455,1.6,11.5,6.5,45.6,1.4,0.3,16.2,34.9,6.3,-2.3,4
"181","Atlanta Hawks","De'Andre Hunter",22,63,2018,8.6,-3.78,-1.4,-0.4,0.5,0.1,0.001,0.521,0.445,2.3,13.1,7.6,8,1,0.7,12.1,17.5,-2.8,-1.8,-4.7
"182","Atlanta Hawks","Kevin Huerter",21,56,1760,11.5,0.54,0.2,1,0.6,1.6,0.042,0.536,0.548,2.1,12,7,17.5,1.4,1.3,12,17.1,-0.6,-0.9,-1.6
"183","Atlanta Hawks","Cam Reddish",20,58,1551,9,-2.43,-0.9,-1.2,0.8,-0.4,-0.011,0.5,0.451,2.4,12.7,7.5,8,1.9,1.5,13.6,18.9,-3.2,-1,-4.2
"184","Atlanta Hawks","John Collins",22,41,1363,23.5,4.59,1.7,3.8,1.1,4.9,0.174,0.659,0.243,9,24,16.4,7.6,1.1,4.1,10.1,22.7,3.7,-0.7,3.1
"185","Atlanta Hawks","DeAndre' Bembry",25,43,915,9.6,-0.27,-0.1,-0.5,0.7,0.2,0.011,0.5,0.285,4,14.1,8.9,12.3,2.8,1.7,19.4,14,-3.5,1,-2.4
"186","Atlanta Hawks","Damian Jones",24,55,887,15.5,0.27,0.1,2.2,0.6,2.8,0.152,0.712,0.051,8.9,16.2,12.5,5.6,1.4,3.8,11.5,11.4,-1.6,0.1,-1.4
"187","Atlanta Hawks","Vince Carter",43,60,876,7.6,-1.35,-0.5,-0.6,0.4,-0.2,-0.011,0.47,0.664,2.2,13.2,7.6,7.7,1.2,2.4,9.4,16.6,-3.1,-1.2,-4.3
"188","Atlanta Hawks","Jabari Parker",24,32,837,17.2,1.08,0.4,0.5,0.7,1.2,0.069,0.565,0.293,6.9,17.9,12.3,11.6,2.3,1.5,12.4,24,0.4,-0.3,0.1
"189","Atlanta Hawks","Alex Len",26,40,745,17.5,0.81,0.3,1.1,0.6,1.8,0.113,0.59,0.215,9.8,23.6,16.6,8.7,1.3,3.7,11.7,18.6,-0.2,-0.3,-0.4
"190","Atlanta Hawks","Bruno Fernando",21,56,713,11.9,-1.08,-0.4,0.4,0.4,0.8,0.055,0.542,0.186,10,20,15,9.9,1.2,2,15.9,15.3,-3.2,-1,-4.1
"191","Atlanta Hawks","Allen Crabbe",27,28,522,7.2,-0.81,-0.3,0,0.1,0.1,0.008,0.482,0.65,2,11.5,6.7,7.3,1.3,0.6,7.5,12.7,-3,-1.1,-4.1
"192","Atlanta Hawks","Jeff Teague",31,25,519,12.2,-0.54,-0.2,0.2,0.2,0.4,0.035,0.512,0.182,2.5,8.8,5.6,27.3,1.7,1,17.5,18.3,-1.6,-1.5,-3.1
"193","Atlanta Hawks","Brandon Goodwin",24,34,430,11.7,-0.27,-0.1,-0.1,0.2,0.1,0.013,0.507,0.458,2.7,15.5,9,18,1.3,0.8,12.5,22.4,-1.5,-1.3,-2.9
"194","Atlanta Hawks","Treveon Graham",26,22,266,8,-0.54,-0.2,0,0.1,0.1,0.022,0.478,0.552,8.8,11.5,10.1,7.6,1.2,1.3,11.7,13.3,-3.2,-1.7,-4.9
"195","Atlanta Hawks","Evan Turner",31,19,251,6.8,-0.54,-0.2,-0.5,0.1,-0.3,-0.064,0.424,0.075,3.4,13,8.2,20.6,1.7,2.7,26.2,16.4,-4.9,-0.7,-5.6
"196","Atlanta Hawks","Dewayne Dedmon",30,10,233,11.4,-0.27,-0.1,-0.2,0.3,0.2,0.032,0.463,0.429,6.4,31.8,18.9,4.3,2,5.4,10.3,17.4,-4.5,0.1,-4.4
"197","Atlanta Hawks","Tyrone Wallace",25,14,160,3.9,-0.81,-0.3,-0.3,0.1,-0.3,-0.075,0.389,0.341,2,13,7.4,10.9,2,0.5,16.3,16,-7.7,-1,-8.7
"198","Atlanta Hawks","Chandler Parsons",31,5,54,5.6,-0.27,-0.1,-0.1,0,-0.1,-0.066,0.389,0.778,2,12.1,7,7.5,3.5,1.6,14.3,16.1,-4.7,-1.3,-6
"199","Atlanta Hawks","Charlie Brown",22,10,40,11.1,0,0,0,0,0,-0.028,0.472,0.474,5.3,5.5,5.4,7.3,2.3,4.2,12.4,25.1,-1.1,-1.4,-2.5
"200","Atlanta Hawks","Paul Watson",25,2,17,-7.1,-0.27,-0.1,-0.1,0,-0.1,-0.32,0,0.429,0,12.8,6.3,21.1,2.7,0,0,17.1,-12.3,-1.6,-13.9
"201","Washington Wizards","Bradley Beal",26,57,2053,23.1,6.75,2.5,4.6,0.5,5.1,0.119,0.579,0.369,2.7,10.6,6.5,29.1,1.6,1,11.4,34.4,5.3,-2.4,2.9
"202","Washington Wizards","Davis Bertans",27,54,1583,15.5,2.97,1.1,3,0.5,3.5,0.106,0.628,0.774,2.3,15.1,8.5,8.3,1.1,1.8,8.2,19,2.7,-1.8,0.9
"203","Washington Wizards","Ish Smith",31,60,1570,13.8,0.54,0.2,1.3,0.4,1.7,0.053,0.512,0.258,1.9,11.7,6.6,25.9,1.5,1.3,11.2,18.3,-0.3,-1.1,-1.4
"204","Washington Wizards","Troy Brow",20,61,1519,13.7,0.81,0.3,1.2,0.9,2.2,0.069,0.534,0.287,4.4,19.6,11.7,13,2.3,0.3,10.5,17,-0.8,-0.4,-1.3
"205","Washington Wizards","Rui Hachimura",21,41,1217,13.9,-0.81,-0.3,1.3,0.4,1.7,0.066,0.543,0.16,5.5,17.4,11.2,8.3,1.3,0.5,7.5,18.7,-1.1,-1.9,-3
"206","Washington Wizards","Isaac Bong",20,58,1025,10.7,-0.27,-0.1,1.3,0.4,1.7,0.081,0.627,0.299,6.3,13.6,9.8,7.7,1.7,1.8,16.2,10.3,-2.4,0,-2.4
"207","Washington Wizards","Isaiah Thomas",30,40,925,11.6,-1.62,-0.6,0.2,-0.1,0,0.001,0.531,0.444,1.3,7,4,23.2,0.7,0.6,14.4,24.1,-0.5,-3.9,-4.4
"208","Washington Wizards","Thomas Bryant",22,38,901,20,1.89,0.7,2.4,0.5,2.9,0.153,0.659,0.176,8.8,23.4,15.8,11.9,0.7,3.2,12.1,18.3,2.1,-1.2,0.9
"209","Washington Wizards","Ian Mahinmi",33,38,808,14.1,-0.54,-0.2,0.7,0.7,1.4,0.082,0.545,0.124,10.2,19.8,14.8,8.2,1.8,4.7,14.8,15.7,-2.7,0,-2.7
"210","Washington Wizards","Moritz Wagner",22,37,707,16.6,0.27,0.1,1.3,0.5,1.8,0.122,0.666,0.294,7.6,22.8,14.9,10.1,1.5,2.1,17.2,18.8,-1.2,-0.3,-1.6
"211","Washington Wizards","Jordan McRae",28,29,654,15.2,0.81,0.3,0.4,0.2,0.7,0.05,0.523,0.334,2.7,15.2,8.7,18.8,1.4,2,9.7,24.9,0.8,-1.3,-0.5
"212","Washington Wizards","Gary Payton",27,29,432,11.3,0,0,0.1,0.4,0.4,0.049,0.473,0.397,6.3,14.3,10.2,14.7,3.6,1.4,14.3,13.4,-3.1,1.5,-1.6
"213","Washington Wizards","Anžejs Pasecniks",24,24,405,11.6,-0.81,-0.3,0.3,0.2,0.5,0.056,0.555,0.019,10.2,16.9,13.4,5.7,0.9,2.6,14.5,15.6,-3.8,-1.6,-5.4
"214","Washington Wizards","Shabazz Napier",28,15,378,15.7,0.54,0.2,0.4,0.2,0.6,0.082,0.587,0.485,2.2,8.5,5.2,24.2,3.2,0.5,18.6,20.7,0.2,-0.2,0.1
"215","Washington Wizards","Admiral Schofield",22,27,293,6.8,-0.54,-0.2,0.1,0,0.1,0.02,0.514,0.627,2.2,10.9,6.4,6.2,1.3,0.9,8,12.5,-4.2,-1.1,-5.3
"216","Washington Wizards","Jerome Robinson",22,13,272,8.1,-0.27,-0.1,-0.1,0.1,0.1,0.011,0.468,0.463,1.6,17.6,9.3,9.2,1.5,1.9,8.7,14.1,-3.3,-0.6,-3.9
"217","Washington Wizards","Garrison Mathews",23,18,227,13.1,0.27,0.1,0.6,0,0.6,0.129,0.691,0.821,2.8,9.1,5.8,5.8,1.6,0.4,10.1,14.5,-0.5,-0.6,-1.1
"218","Washington Wizards","C.J. Miles",32,10,161,11,0,0,0,0.1,0.1,0.033,0.472,0.593,2.6,5.7,4.1,9.9,2.9,2.2,5.6,18.6,-1.8,0,-1.9
"219","Washington Wizards","Johnathan Williams",24,11,135,14.4,0,0,0.3,0.1,0.3,0.116,0.643,0.08,11.7,23.7,17.5,5.9,0.3,3.9,12.8,9.6,-0.5,-1.3,-1.8
"220","Washington Wizards","Chris Chiozza",24,10,123,9.2,0,0,-0.1,0.1,0,-0.002,0.397,0.471,0,13.9,6.7,28.9,3.8,1.4,20.9,14.5,-3.6,2.1,-1.4
"221","Washington Wizards","Justin Robinson",22,9,49,8.2,0,0,0,0,0,0.006,0.542,0.417,2.2,9.3,5.6,18.6,0,1.8,20,12.7,-2.6,-3.1,-5.7
"222","Miami Heat","Bam Adebayo",22,65,2235,20.6,8.64,3.2,4.6,3.6,8.1,0.175,0.606,0.018,8.7,25,17.2,23.6,1.7,3.8,17.5,20.8,1.6,2.1,3.6
"223","Miami Heat","Duncan Robinson",25,65,1949,12.8,2.97,1.1,3.2,1.5,4.7,0.116,0.678,0.886,0.5,11.2,6.1,7,0.9,0.8,8.6,15.8,1.2,-0.9,0.3
"224","Miami Heat","Jimmy Butler",30,54,1851,23.4,9.18,3.4,6,2.5,8.5,0.219,0.583,0.162,6.2,15.2,10.9,28.1,2.4,1.6,11.2,25.2,4,1.3,5.2
"225","Miami Heat","Kendrick Nunn",24,62,1846,13.5,0,0,1,1.4,2.4,0.064,0.545,0.426,1.2,8.7,5.1,18.7,1.4,0.6,10.2,23.7,-0.7,-1.3,-2
"226","Miami Heat","Goran Dragic",33,54,1531,15.9,1.62,0.6,2,1.1,3,0.095,0.571,0.472,2,9.9,6.1,28.6,1,0.5,14.9,25.7,1.4,-1.9,-0.5
"227","Miami Heat","Tyler Herro",20,47,1280,11.4,-0.27,-0.1,-0.3,1.1,0.9,0.033,0.534,0.476,1.3,14.6,8.2,11.1,1.1,0.5,11.3,22,-1,-1.3,-2.3
"228","Miami Heat","Derrick Jones",22,51,1249,14.8,2.43,0.9,2.3,1.6,3.9,0.15,0.609,0.39,5.4,13.5,9.6,6.7,2.1,2.9,6.8,14.1,-0.4,1.1,0.8
"229","Miami Heat","Kelly Olynyk",28,59,1089,14.7,2.16,0.8,1.7,1.5,3.2,0.14,0.64,0.584,4,22,13.4,13.2,1.7,1.6,15.1,16.9,0.1,1,1.1
"230","Miami Heat","Meyers Leonard",27,49,987,11.1,0.81,0.3,1,1.1,2.1,0.104,0.64,0.534,3.2,24.1,14.1,7.7,0.6,1.5,13,12,-1,0.4,-0.6
"231","Miami Heat","Jae Crowder",29,13,373,16,1.08,0.4,0.7,0.6,1.3,0.168,0.618,0.781,2.5,19.6,11.4,10.3,2.6,1.9,6,15.8,0.7,1.1,1.8
"232","Miami Heat","Justise Winslow",23,11,352,8.6,-0.27,-0.1,-0.4,0.4,0,-0.003,0.44,0.209,5.3,17.4,11.6,18.6,1,1.4,14.6,20.7,-3.5,-0.1,-3.5
"233","Miami Heat","Chris Silva",23,41,307,17.2,0,0,0.7,0.5,1.1,0.178,0.663,0.029,20.6,19.3,19.9,10.2,1.4,5.8,25.5,17.5,-3.4,0.9,-2.5
"234","Miami Heat","James Johnson",32,18,281,11.1,0,0,0,0.4,0.4,0.066,0.547,0.517,3.3,16.9,10.4,11.1,1,4.6,13.9,17,-2.6,0.7,-1.9
"235","Miami Heat","Andre Iguodala",36,14,259,11,0.27,0.1,0,0.4,0.4,0.078,0.559,0.471,4.5,17.9,11.5,15.1,1.5,6.1,23.8,12.2,-2.5,1.9,-0.7
"236","Miami Heat","Solomon Hill",28,6,91,5.9,0,0,-0.1,0.1,0,-0.006,0.447,0.6,3.9,8.3,6.2,5.7,2.7,5.5,29.5,11.5,-4.5,0.8,-3.7
"237","Miami Heat","Gabe Vincent",23,6,42,1.2,-0.27,-0.1,-0.1,0,-0.1,-0.105,0.316,0.842,0,7.7,4,9.9,1.2,0,0,20,-6.7,-2.9,-9.6
"238","Miami Heat","Dion Waiters",28,3,42,13.5,0,0,-0.1,0.1,0,-0.001,0.53,0.654,0,28.2,14.7,12.4,0,4.7,10.2,30.9,2.4,-0.6,1.8
"239","Miami Heat","KZ Okpala",20,5,26,13.7,0,0,0,0,0.1,0.119,0.595,0.2,4.5,16.6,10.8,5.5,3.8,3.8,14.5,11.7,-1.2,4,2.7
"240","Miami Heat","Udonis Haslem",39,3,21,3,-0.27,-0.1,0,0,0,-0.032,0.322,0.333,0,41,21.4,6.2,0,0,0,16.3,-9.7,-3,-12.7
"241","Miami Heat","Daryl Macon",24,4,14,-3.1,0,0,0,0,0,-0.161,0.5,0.667,0,0,0,9.6,0,0,40,15.8,-7,-4.4,-11.4
"242","Orlando Magic","Evan Fournier",27,61,1931,16.7,4.32,1.6,2.7,1.7,4.4,0.11,0.599,0.467,0.9,8.1,4.4,16.5,1.8,0.7,11.1,24.2,1.5,-0.3,1.2
"243","Orlando Magic","Aaron Gordon",24,58,1914,14.8,2.16,0.8,1.2,2.2,3.3,0.084,0.511,0.311,5.6,19.6,12.4,17.2,1.3,1.7,10.3,20.6,-0.3,0.1,-0.3
"244","Orlando Magic","Markelle Fultz",21,64,1813,14.4,0.27,0.1,0.8,1.9,2.7,0.071,0.523,0.175,2,10.9,6.3,28.8,2.2,0.5,15.1,20.7,-1.9,0.2,-1.7
"245","Orlando Magic","Nikola Vucevic",29,54,1763,21.6,7.29,2.7,2.9,2.6,5.5,0.15,0.54,0.274,7.6,29.4,18.1,20,1.3,2.4,7.3,25.8,3.4,0.6,4
"246","Orlando Magic","Terrence Ross",28,63,1723,14.2,1.89,0.7,1,1.8,2.9,0.08,0.548,0.584,0.8,12.3,6.3,6.8,2,1.2,6.8,22.8,0,-0.3,-0.4
"247","Orlando Magic","D.J. Augustin",32,49,1215,14.2,0.54,0.2,1.8,0.8,2.6,0.101,0.548,0.438,1.5,8.3,4.8,26.7,1.2,0.1,12.9,19.1,-0.3,-1,-1.4
"248","Orlando Magic","Jonathan Isaac",22,32,949,16.9,2.7,1,0.4,1.9,2.3,0.114,0.542,0.283,6.2,19.3,12.6,7,2.6,7.4,11.7,18.3,-0.8,2.9,2
"249","Orlando Magic","Mo Bamba",21,60,868,17.8,1.62,0.6,0.9,1.7,2.5,0.14,0.549,0.369,11.7,25.7,18.5,7.3,1.2,8.9,12.2,17.2,-1.1,1.7,0.5
"250","Orlando Magic","Wesley Iwundu",25,45,810,9.9,-0.54,-0.2,0.6,0.8,1.4,0.08,0.521,0.345,2.9,12.4,7.5,7.9,1.5,1.2,7.3,13.1,-3.1,0.2,-2.9
"251","Orlando Magic","Khem Birch",27,40,777,10.1,-0.54,-0.2,0.7,0.8,1.5,0.092,0.529,0.009,9.3,15.7,12.4,6.1,1,2.4,13.7,9.3,-3.3,0.3,-3
"252","Orlando Magic","Michael Carter-Williams",28,42,773,15.7,1.35,0.5,0.7,1.1,1.9,0.116,0.539,0.281,5.9,13.8,9.7,19.4,2.8,2.3,14.6,18.4,-1.3,1.7,0.4
"253","Orlando Magic","Al-Farouq Aminu",29,18,380,7.6,-0.27,-0.1,-0.4,0.5,0.1,0.016,0.395,0.419,6.6,18.4,12.3,7.4,2.3,1.9,14.7,13.2,-4.5,1.4,-3.1
"254","Orlando Magic","James Ennis",29,12,277,9.4,-0.54,-0.2,0.1,0.3,0.3,0.06,0.537,0.485,4.9,14.4,9.5,6.6,1.1,2,13.7,13.7,-3.7,-1.3,-5
"255","Orlando Magic","Gary Clark",25,17,213,8.8,-0.27,-0.1,0.1,0.2,0.3,0.07,0.49,0.833,7.8,15.1,11.3,1.9,0.7,3,6.5,9.3,-2.7,-1.3,-3.9
"256","Orlando Magic","Amile Jefferson",26,18,74,8.9,-0.27,-0.1,0,0.1,0,0.023,0.372,0,14,19.5,16.7,7.2,0.7,3.7,13,13.5,-4.9,-1,-5.9
"257","Orlando Magic","Melvin Frazier",23,15,51,7.5,0,0,-0.1,0.1,0,0.003,0.48,0.412,2,6.5,4.2,2.8,3.8,3.5,13.8,18.5,-6,1.5,-4.5
"258","Orlando Magic","B.J. Johnson",24,8,46,2.5,-0.27,-0.1,-0.2,0,-0.1,-0.132,0.344,0.333,2.3,12.1,7,6.1,2.1,0,13.7,20.6,-7.2,-2.5,-9.7
"259","Orlando Magic","Josh Magette",30,8,38,5.1,0,0,-0.2,0.1,-0.1,-0.126,0.378,0.267,2.7,14.6,8.5,19.2,3.9,2.4,23.9,23.8,-8,1.6,-6.4
"260","Orlando Magic","Vic Law",24,5,9,-16.6,-0.27,-0.1,-0.1,0,-0.1,-0.456,0,0.333,0,12.4,6,0,0,0,0,18.6,-17,-8.2,-25.2
"261","Denver Nuggets","Nikola Jokic",24,65,2101,25,13.77,5.1,6,3.2,9.2,0.209,0.604,0.233,8.2,26.9,17.6,34.3,1.8,1.9,15.7,26.6,5.4,2.3,7.6
"262","Denver Nuggets","Will Barton",29,58,1916,15.7,4.05,1.5,2.4,2.1,4.5,0.113,0.549,0.39,4.4,16.8,10.6,16,1.6,1.4,9.9,20,1.2,-0.1,1.2
"263","Denver Nuggets","Jamal Murray",22,55,1804,17.5,3.78,1.4,2.5,1.6,4.2,0.111,0.559,0.359,2.6,10.8,6.7,22.7,1.8,0.8,11.8,25.2,1.8,-0.7,1.1
"264","Denver Nuggets","Gary Harris",25,56,1780,9.7,-0.54,-0.2,0.5,1.7,2.2,0.059,0.519,0.405,1.6,8.6,5.1,8.9,2.1,0.7,9.7,15.1,-2.8,0.4,-2.4
"265","Denver Nuggets","Jerami Grant",25,64,1676,14.2,1.89,0.7,2.4,1.7,4,0.116,0.585,0.394,3.5,11.6,7.5,6.7,1.3,2.9,8,17.8,-0.1,-0.4,-0.4
"266","Denver Nuggets","Monte Morris",24,65,1402,14.9,2.16,0.8,2.2,1.2,3.4,0.117,0.537,0.298,1.6,7.3,4.4,23.3,1.9,1.1,8.1,17.2,0.2,-0.1,0.1
"267","Denver Nuggets","Paul Millsap",34,44,1075,17.7,1.89,0.7,2,1.4,3.4,0.151,0.598,0.282,9,17.9,13.5,9.5,1.7,2.4,12.1,20.3,0.6,0,0.6
"268","Denver Nuggets","Mason Plumlee",29,53,900,19.1,2.7,1,1.7,1.3,3,0.162,0.615,0.016,11,23.9,17.4,20,1.6,3.4,18.9,18.4,0.2,2,2.2
"269","Denver Nuggets","Torrey Craig",29,50,869,10.4,-0.27,-0.1,0.8,0.9,1.7,0.095,0.559,0.524,6.1,13.8,10,5.2,1,3.4,9,12.2,-2.4,0.1,-2.3
"270","Denver Nuggets","Malik Beasley",23,41,746,10.5,-0.54,-0.2,-0.2,0.7,0.6,0.037,0.511,0.535,1.3,10.1,5.7,9.1,2.1,0.7,10.2,20.6,-2.2,-0.6,-2.8
"271","Denver Nuggets","Michael Porter",21,48,670,18.5,1.35,0.5,1,0.9,2,0.141,0.589,0.358,8.8,24.3,16.5,8,1.5,2.6,10.3,22,1.4,-0.7,0.8
"272","Denver Nuggets","Juan Hernang<f3>mez",24,34,422,6.9,-0.81,-0.3,-0.2,0.4,0.1,0.014,0.442,0.545,6.3,18.7,12.5,6.7,0.6,1.1,12.9,14.3,-4,-1.1,-5.2
"273","Denver Nuggets","PJ Dozier",23,21,234,9.3,-0.54,-0.2,-0.1,0.2,0.1,0.019,0.449,0.308,2.4,11.9,7.1,17.5,1.5,2,10.3,19.8,-4.4,-0.8,-5.2
"274","Denver Nuggets","Vlatko ?an?ar",22,14,45,11.4,0,0,0,0,0.1,0.069,0.507,0.4,12.4,12.4,12.4,9.1,1.1,2,15.2,19.1,-3.5,-1.1,-4.5
"275","Denver Nuggets","Jarred Vanderbilt",20,9,41,7.2,0,0,-0.1,0.1,0,-0.035,0.714,0,8.1,13.6,10.9,6.6,3.6,2.2,50,14.8,-7.1,1.1,-6
"276","Denver Nuggets","Jordan McRae",28,4,32,16.7,0,0,0.1,0,0.1,0.208,0.58,0.667,3.5,13.9,8.7,15.6,3.1,2.9,0,10.5,1,1.4,2.5
"277","Denver Nuggets","Keita Bates-Diop",24,2,19,15.8,0,0,0.1,0,0.1,0.218,0.931,0,0,11.7,5.9,0,0,4.8,0,8.6,0,0.1,0
"278","Denver Nuggets","Noah Vonleh",24,4,17,22,0,0,0.1,0,0.1,0.185,1.031,0.333,19.6,26.2,22.9,8.6,0,0,34,15,4.3,-1.6,2.7
"279","Denver Nuggets","Troy Daniels",28,1,1,-40.8,0,0,0,0,0,-1.036,0,1,0,0,0,0,0,0,0,43.4,-38.4,-22.8,-61.2
"280","Utah Jazz","Donovan Mitchell",23,63,2165,19.1,5.67,2.1,3,2.2,5.2,NA,NA,NA,NA,NA,NA,NA,NA,NA,NA,NA,2.4,-0.5,1.9
"281","Utah Jazz","Rudy Gobert",27,62,2142,21.7,8.37,3.1,6,4,10,NA,NA,NA,NA,NA,NA,NA,NA,NA,NA,NA,1.8,1.9,3.7
"282","Utah Jazz","Bojan Bogdanovic",30,63,2083,15.7,2.97,1.1,2.7,1.6,4.3,NA,NA,NA,NA,NA,NA,NA,NA,NA,NA,NA,1.6,-1.5,0.2
"283","Utah Jazz","Joe Ingles",32,64,1916,12.5,3.51,1.3,2.4,2,4.3,NA,NA,NA,NA,NA,NA,NA,NA,NA,NA,NA,0,0.7,0.7
"284","Utah Jazz","Royce O'Neale",26,64,1862,9.3,3.51,1.3,1.8,2.2,4,NA,NA,NA,NA,NA,NA,NA,NA,NA,NA,NA,-1.3,2.1,0.8
"285","Utah Jazz","Mike Conley",32,41,1171,13.7,1.62,0.6,1,1,2.1,NA,NA,NA,NA,NA,NA,NA,NA,NA,NA,NA,0.4,-0.4,0
"286","Utah Jazz","Jordan Clarkson",27,34,861,17.4,1.62,0.6,1.2,0.8,2,NA,NA,NA,NA,NA,NA,NA,NA,NA,NA,NA,1.6,-0.9,0.7
"287","Utah Jazz","Georges Niang",26,58,772,12.4,1.35,0.5,1,0.7,1.7,NA,NA,NA,NA,NA,NA,NA,NA,NA,NA,NA,0.9,-0.4,0.5
"288","Utah Jazz","Emmanuel Mudiay",23,48,752,13.7,0.54,0.2,0.3,0.8,1.1,NA,NA,NA,NA,NA,NA,NA,NA,NA,NA,NA,-1.2,0.1,-1.1
"289","Utah Jazz","Jeff Green",33,30,553,10.1,0,0,0,0.6,0.6,NA,NA,NA,NA,NA,NA,NA,NA,NA,NA,NA,-1.8,-0.2,-2
"290","Utah Jazz","Tony Bradley",22,50,535,21.8,1.08,0.4,1.8,0.9,2.7,NA,NA,NA,NA,NA,NA,NA,NA,NA,NA,NA,0.9,0.4,1.3
"291","Utah Jazz","Ed Davis",30,25,268,7.3,-0.27,-0.1,-0.1,0.5,0.4,NA,NA,NA,NA,NA,NA,NA,NA,NA,NA,NA,-5.5,1.7,-3.9
"292","Utah Jazz","Dante Exum",24,11,83,4.8,-0.27,-0.1,-0.2,0.1,-0.1,NA,NA,NA,NA,NA,NA,NA,NA,NA,NA,NA,-5.1,-0.5,-5.6
"293","Utah Jazz","Rayjon Tucker",22,14,78,4.5,-0.27,-0.1,-0.1,0.1,0,NA,NA,NA,NA,NA,NA,NA,NA,NA,NA,NA,-6.7,-1.2,-7.9
"294","Utah Jazz","Juwan Morgan",22,16,74,8.8,0,0,0,0.1,0.1,NA,NA,NA,NA,NA,NA,NA,NA,NA,NA,NA,-2.9,-0.4,-3.3
"295","Utah Jazz","Nigel Williams-Goss",25,9,28,5.7,0,0,-0.1,0,0,NA,NA,NA,NA,NA,NA,NA,NA,NA,NA,NA,-5.1,1.1,-3.9
"296","Utah Jazz","Stanton Kidd",27,4,15,-13.7,-0.27,-0.1,-0.1,0,-0.1,NA,NA,NA,NA,NA,NA,NA,NA,NA,NA,NA,-15.6,-1.3,-16.9
"297","Utah Jazz","Jarrell Brantley",23,5,13,2.7,0,0,0,0,0,NA,NA,NA,NA,NA,NA,NA,NA,NA,NA,NA,-8.6,5.9,-2.7
"298","Utah Jazz","Miye Oni",22,5,11,-9.9,0,0,-0.1,0,-0.1,NA,NA,NA,NA,NA,NA,NA,NA,NA,NA,NA,-12.7,-4.6,-17.3
"299","Utah Jazz","Justin Wright-Foreman",22,1,2,0,0,0,0,0,0,NA,NA,NA,NA,NA,NA,NA,NA,NA,NA,NA,-6.1,-0.9,-7
"300","Oklahoma City Thunder","Shai Gilgeous-Alexander",21,63,2214,17.8,5.4,2,2.9,2.6,5.5,NA,NA,NA,NA,NA,NA,NA,NA,NA,NA,NA,1.4,0.2,1.6
"301","Oklahoma City Thunder","Chris Paul",34,63,2003,21.7,8.64,3.2,5.5,2.5,8.1,NA,NA,NA,NA,NA,NA,NA,NA,NA,NA,NA,3.1,1.2,4.3
"302","Oklahoma City Thunder","Dennis Schröder",26,63,1952,16.8,2.7,1,1.9,1.6,3.5,NA,NA,NA,NA,NA,NA,NA,NA,NA,NA,NA,1.1,-1.2,-0.1
"303","Oklahoma City Thunder","Danilo Gallinari",31,55,1690,19.4,5.94,2.2,4.1,1.6,5.7,NA,NA,NA,NA,NA,NA,NA,NA,NA,NA,NA,4.1,-0.9,3.2
"304","Oklahoma City Thunder","Steven Adams",26,58,1564,20.8,5.4,2,3.7,2.5,6.2,NA,NA,NA,NA,NA,NA,NA,NA,NA,NA,NA,2.1,1.1,3.2
"305","Oklahoma City Thunder","Terrance Ferguson",21,50,1170,4.1,-1.62,-0.6,-0.1,0.8,0.7,NA,NA,NA,NA,NA,NA,NA,NA,NA,NA,NA,-4.5,0.3,-4.1
"306","Oklahoma City Thunder","Nerlens Noel",25,55,1014,21.7,4.05,1.5,2.7,2.1,4.8,NA,NA,NA,NA,NA,NA,NA,NA,NA,NA,NA,0.5,3.4,4
"307","Oklahoma City Thunder","Darius Bazley",19,53,909,8.1,-0.27,-0.1,-0.8,1.2,0.4,NA,NA,NA,NA,NA,NA,NA,NA,NA,NA,NA,-3.1,0.6,-2.5
"308","Oklahoma City Thunder","Abdel Nader",26,48,756,11.2,0.54,0.2,0.4,0.7,1.1,NA,NA,NA,NA,NA,NA,NA,NA,NA,NA,NA,-1.1,0.2,-0.8
"309","Oklahoma City Thunder","Hamidou Diallo",21,38,699,8.4,-1.35,-0.5,-0.6,0.8,0.2,NA,NA,NA,NA,NA,NA,NA,NA,NA,NA,NA,-5,0.3,-4.8
"310","Oklahoma City Thunder","Luguentz Dort",20,29,637,7.3,-0.81,-0.3,0.2,0.5,0.7,NA,NA,NA,NA,NA,NA,NA,NA,NA,NA,NA,-4.3,0.4,-3.9
"311","Oklahoma City Thunder","Mike Muscala",28,41,492,12.2,0.54,0.2,0.5,0.5,1,NA,NA,NA,NA,NA,NA,NA,NA,NA,NA,NA,-0.1,-0.1,-0.2
"312","Oklahoma City Thunder","Deonte Burton",26,34,284,5.9,-0.81,-0.3,-0.6,0.3,-0.3,NA,NA,NA,NA,NA,NA,NA,NA,NA,NA,NA,-5.5,-0.4,-5.8
"313","Oklahoma City Thunder","Justin Patton",22,5,24,4.7,-0.27,-0.1,0,0,0,NA,NA,NA,NA,NA,NA,NA,NA,NA,NA,NA,-6.9,-3.3,-10.1
"314","Oklahoma City Thunder","Devon Hall",24,5,20,3.6,0,0,0,0,0,NA,NA,NA,NA,NA,NA,NA,NA,NA,NA,NA,-6.2,-3.6,-9.7
"315","Oklahoma City Thunder","Kevin Hervey",23,7,19,-14.9,-0.27,-0.1,-0.2,0,-0.2,NA,NA,NA,NA,NA,NA,NA,NA,NA,NA,NA,-13.4,-6.5,-19.9
"316","Oklahoma City Thunder","Isaiah Roby",21,3,11,-7.7,0,0,-0.1,0,0,NA,NA,NA,NA,NA,NA,NA,NA,NA,NA,NA,-12,-3.5,-15.5
"317","LA Lakers","LeBron James",35,60,2094,26,15.39,5.7,6.1,3.4,9.5,0.218,0.582,0.324,3.1,21,12.3,49.7,1.7,1.3,15.3,31.6,6.8,1.9,8.7
"318","LA Lakers","Anthony Davis",26,55,1889,28.2,13.5,5,6.2,4.1,10.3,0.262,0.614,0.195,7.3,22.1,14.9,14.6,2.1,6.2,10.1,29.7,5.8,2.8,8.5
"319","LA Lakers","Kentavious Caldwell-Pope",26,63,1603,11.6,1.89,0.7,2,1.8,3.8,0.114,0.592,0.474,2.6,6.3,4.5,8.7,1.6,0.7,9.8,14.8,-0.8,0.5,-0.3
"320","LA Lakers","Danny Green",32,61,1529,11.1,2.97,1.1,1.1,2.4,3.4,0.108,0.564,0.704,3.2,11.3,7.3,7.3,2.4,1.7,10.8,13.8,-0.8,1.7,0.9
"321","LA Lakers","Kyle Kuzma",24,54,1327,11.6,-1.35,-0.5,-0.2,1.6,1.4,0.052,0.522,0.401,4,15.5,9.9,7.4,0.8,1.4,11.6,23.2,-2.2,-1.3,-3.5
"322","LA Lakers","Dwight Howard",34,62,1193,18.7,2.16,0.8,2.6,2.4,5,0.202,0.696,0.019,14.6,26.8,20.9,4.8,1.1,5.6,17.8,14.5,-0.8,1.4,0.5
"323","LA Lakers","Avery Bradley",29,49,1186,8.9,-0.27,-0.1,0.2,1.4,1.6,0.066,0.537,0.452,1.7,8.7,5.3,7.1,1.7,0.4,10.7,15.7,-2.9,0.5,-2.4
"324","LA Lakers","Alex Caruso",25,58,1032,11,1.35,0.5,0.6,1.6,2.2,0.103,0.538,0.412,1.5,10.1,5.9,12.6,2.8,1.4,13.6,13.9,-2.4,2.4,0.1
"325","LA Lakers","JaVale McGee",32,61,1023,20,2.97,1.1,2.2,2.3,4.5,0.211,0.655,0.021,12.1,25.2,18.8,4.7,1.4,7.9,12.9,15,-0.3,2.3,2.1
"326","LA Lakers","Rajon Rondo",33,48,984,12.4,0.54,0.2,0.2,1.3,1.5,0.073,0.494,0.381,2.6,12.9,7.9,32.4,1.9,0.2,20.8,18.7,-1.1,0,-1.2
"327","LA Lakers","Troy Daniels",28,41,456,9,0,0,0.3,0.4,0.7,0.072,0.527,0.709,2.9,7.9,5.5,4.1,0.8,0.6,5.2,16.1,-1.1,-1,-2.1
"328","LA Lakers","Quinn Cook",26,38,409,10.5,-0.27,-0.1,-0.1,0.4,0.4,0.043,0.517,0.382,1.9,8.6,5.3,13.9,1.3,0.2,12.4,20.8,-2.3,-1,-3.3
"329","LA Lakers","Jared Dudley",34,40,311,7.4,0.27,0.1,0.2,0.4,0.7,0.103,0.57,0.68,1.8,13,7.5,7.4,1.8,0.8,10.5,7.7,-2.7,2,-0.7
"330","LA Lakers","Markieff Morris",30,8,118,9.8,0,0,0.1,0.2,0.2,0.086,0.503,0.583,9.5,14.4,12,5.5,0.8,3,11.7,15.3,-2.5,0.1,-2.4
"331","LA Lakers","Talen Horton-Tucker",19,2,5,14.8,0,0,0,0,0,0.11,0,1,0,0,0,44.9,9.5,0,0,8.4,0.6,7.2,7.8
"332","LA Lakers","Kostas Antetokounmpo",22,3,5,8.6,0,0,0,0,0,0.136,NA,NA,0,21.3,10.9,22.4,0,0,NA,0,1.2,3.1,4.3
"333","LA Lakers","Zach Norvell",22,2,5,-5.6,0,0,0,0,0,-0.149,0,0,0,21.3,10.9,0,0,0,0,8.4,-10.2,-2.4,-12.6
"334","LA Clippers","Lou Williams",33,60,1757,17.2,3.24,1.2,2.2,1.7,3.9,0.107,0.546,0.334,1.7,9.1,5.5,29.9,1.1,0.5,14.4,28.3,2.1,-1.4,0.8
"335","LA Clippers","Montrezl Harrell",26,63,1749,23.1,5.94,2.2,4.5,2.5,7,0.193,0.607,0.022,9.9,16.2,13.1,10.3,1.1,3.6,10.1,25.5,2.4,0.5,2.9
"336","LA Clippers","Kawhi Leonard",28,51,1643,26.7,12.42,4.6,4.6,3,7.6,0.222,0.585,0.287,3.3,19.7,11.7,27,2.6,1.7,10.7,33.2,6.5,2.5,9
"337","LA Clippers","Patrick Beverley",31,48,1299,12.3,3.51,1.3,1.4,2,3.4,0.126,0.554,0.609,4.6,15.7,10.3,18.2,1.9,1.7,15.7,13,-0.5,2.6,2.1
"338","LA Clippers","Landry Shamet",22,47,1294,9.2,0.27,0.1,1.7,1,2.7,0.1,0.599,0.764,0.5,6.5,3.6,9,0.7,0.6,8.7,13.3,-1.4,-0.2,-1.6
"339","LA Clippers","Paul George",29,42,1222,20.5,5.4,2,1.9,2,3.9,0.153,0.582,0.494,1.9,18.1,10.2,21.2,2.2,1.4,13,29.6,3.4,1.1,4.5
"340","LA Clippers","Ivica Zubac",22,64,1156,21,3.51,1.3,3.6,2,5.6,0.231,0.642,0.006,15.2,25.7,20.6,8.7,0.5,4.6,11.8,16.2,1.5,1,2.5
"341","LA Clippers","Maurice Harkless",26,50,1141,9.6,1.62,0.6,0.5,1.7,2.3,0.096,0.584,0.336,4.4,13.5,9,5.5,2,2.3,16.3,10.3,-2.5,2.4,-0.1
"342","LA Clippers","JaMychal Green",29,55,1130,10.8,0.81,0.3,0.8,1.8,2.6,0.111,0.554,0.675,7,24.3,15.9,5.1,1,1.6,12.3,13.5,-1.4,0.6,-0.8
"343","LA Clippers","Rodney McGruder",28,50,749,6.5,-0.54,-0.2,-0.1,1,0.8,0.054,0.472,0.506,3.7,13.7,8.8,5.1,1.4,0.9,11.1,10.5,-3.8,0.8,-3
"344","LA Clippers","Patrick Patterson",30,51,607,11.7,1.08,0.4,0.9,0.6,1.5,0.118,0.576,0.755,5.2,15.1,10.3,6.9,0.5,0.4,8.1,15.1,0.9,-0.5,0.4
"345","LA Clippers","Jerome Robinson",22,42,476,4.8,-0.81,-0.3,-0.6,0.6,0,-0.002,0.423,0.493,1.1,11.6,6.5,12.6,1.3,1.5,15.3,14.9,-5.4,0.6,-4.8
"346","LA Clippers","Marcus Morris",30,12,340,7.7,-0.27,-0.1,-0.2,0.4,0.2,0.033,0.48,0.526,2.2,12.2,7.3,7.2,1.1,2.6,11.2,16.4,-3.1,0.5,-2.6
"347","LA Clippers","Terance Mann",23,35,271,7.1,-0.27,-0.1,0,0.3,0.3,0.057,0.472,0.222,1.6,10.8,6.3,17.9,1.4,1.6,19.1,11.2,-4.7,1.2,-3.5
"348","LA Clippers","Derrick Walton",24,23,222,8.4,0,0,0.4,0.2,0.5,0.113,0.626,0.583,1,5.9,3.5,12.6,0.8,0,9.1,8.2,-2.2,0.9,-1.4
"349","LA Clippers","Reggie Jackson",29,9,175,15.6,0.54,0.2,0.3,0.2,0.5,0.142,0.67,0.525,2.4,12.7,7.7,24.2,0.5,2,21.1,19.1,2.1,0.6,2.8
"350","LA Clippers","Amir Coffey",22,13,98,5.9,-0.27,-0.1,-0.1,0.1,0,0.009,0.408,0.212,4.3,10.3,7.4,12.6,0.5,0.9,8,15.8,-5.7,-1.1,-6.8
"351","LA Clippers","Mfiondu Kabengele",22,12,64,18.2,0.27,0.1,0.1,0.1,0.2,0.175,0.614,0.625,1.7,15.7,8.9,4.9,1.5,2.7,5.5,23.5,2.2,-0.1,2.1
"352","LA Clippers","Johnathan Motley",24,13,41,28.4,0.27,0.1,0.2,0.1,0.3,0.299,0.774,0.067,7.7,17.2,12.6,32.8,3.4,0,21.7,23.4,4.8,3.3,8.1
"353","Sacramento Kings","Harrison Barnes",27,64,2231,13.3,1.35,0.5,3.1,1.1,4.2,NA,NA,NA,NA,NA,NA,NA,NA,NA,NA,NA,0,-1.2,-1.2
"354","Sacramento Kings","Buddy Hield",27,64,2045,16.3,4.59,1.7,1.6,1.5,3.1,NA,NA,NA,NA,NA,NA,NA,NA,NA,NA,NA,2.6,-1.3,1.4
"355","Sacramento Kings","Nemanja Bjelica",31,64,1821,15.6,4.59,1.7,3,1.7,4.7,NA,NA,NA,NA,NA,NA,NA,NA,NA,NA,NA,1.2,0.4,1.6
"356","Sacramento Kings","Cory Joseph",28,64,1538,10.3,0.27,0.1,1.1,1,2.2,NA,NA,NA,NA,NA,NA,NA,NA,NA,NA,NA,-2.1,0.3,-1.8
"357","Sacramento Kings","Bogdan Bogdanovi?",27,53,1510,14.3,2.43,0.9,1.2,1.1,2.4,NA,NA,NA,NA,NA,NA,NA,NA,NA,NA,NA,0.7,-0.3,0.4
"358","Sacramento Kings","De'Aaron Fox",22,45,1426,20.3,3.78,1.4,2.1,1.3,3.5,NA,NA,NA,NA,NA,NA,NA,NA,NA,NA,NA,2.1,-0.3,1.8
"359","Sacramento Kings","Richaun Holmes",26,39,1125,20.5,2.7,1,3.2,1.5,4.6,NA,NA,NA,NA,NA,NA,NA,NA,NA,NA,NA,0.6,0.9,1.5
"360","Sacramento Kings","Trevor Ariza",34,32,791,9.4,0.81,0.3,0.3,0.8,1.1,NA,NA,NA,NA,NA,NA,NA,NA,NA,NA,NA,-1.9,1.3,-0.6
"361","Sacramento Kings","Harry Giles",21,38,579,16.3,0.27,0.1,0.7,0.7,1.4,NA,NA,NA,NA,NA,NA,NA,NA,NA,NA,NA,-2.2,1.1,-1.1
"362","Sacramento Kings","Dewayne Dedmon",30,34,541,8.5,-1.62,-0.6,-0.8,0.7,-0.1,NA,NA,NA,NA,NA,NA,NA,NA,NA,NA,NA,-6.3,-0.1,-6.4
"363","Sacramento Kings","Kent Bazemore",30,21,493,13,-0.27,-0.1,0.2,0.6,0.8,NA,NA,NA,NA,NA,NA,NA,NA,NA,NA,NA,-3,0.4,-2.6
"364","Sacramento Kings","Yogi Ferrell",26,44,484,10.7,-0.27,-0.1,0.1,0.3,0.4,NA,NA,NA,NA,NA,NA,NA,NA,NA,NA,NA,-2.1,-0.4,-2.5
"365","Sacramento Kings","Marvin Bagley III",20,13,334,15.7,-0.27,-0.1,0,0.4,0.4,NA,NA,NA,NA,NA,NA,NA,NA,NA,NA,NA,-2.1,-1.3,-3.4
"366","Sacramento Kings","Justin James",23,34,218,11.5,0.27,0.1,0,0.2,0.2,NA,NA,NA,NA,NA,NA,NA,NA,NA,NA,NA,-1,0.2,-0.7
"367","Sacramento Kings","Alex Len",26,9,150,20.3,0.27,0.1,0.3,0.2,0.5,NA,NA,NA,NA,NA,NA,NA,NA,NA,NA,NA,-0.7,0.1,-0.6
"368","Sacramento Kings","Anthony Tolliver",34,9,82,0.3,-0.27,-0.1,-0.2,0.1,-0.2,NA,NA,NA,NA,NA,NA,NA,NA,NA,NA,NA,-7.8,-0.9,-8.8
"369","Sacramento Kings","Wenyen Gabriel",22,11,61,7.5,0,0,-0.1,0.1,0,NA,NA,NA,NA,NA,NA,NA,NA,NA,NA,NA,-4.4,0.5,-3.9
"370","Sacramento Kings","Caleb Swanigan",22,7,23,0,-0.27,-0.1,-0.1,0,-0.1,NA,NA,NA,NA,NA,NA,NA,NA,NA,NA,NA,-14.6,3.4,-11.2
"371","Sacramento Kings","DaQuan Jeffries",22,6,19,10.7,0,0,0,0,0,NA,NA,NA,NA,NA,NA,NA,NA,NA,NA,NA,-2.3,-0.3,-2.6
"372","Sacramento Kings","Eric Mika",25,1,19,14,0,0,0.1,0,0.1,NA,NA,NA,NA,NA,NA,NA,NA,NA,NA,NA,-2.2,-0.9,-3.1
"373","Sacramento Kings","Jabari Parker",24,1,15,4,0,0,0,0,0,NA,NA,NA,NA,NA,NA,NA,NA,NA,NA,NA,-6.9,-3.4,-10.3
"374","Sacramento Kings","Kyle Guy",22,2,4,9.8,0,0,0,0,0,NA,NA,NA,NA,NA,NA,NA,NA,NA,NA,NA,-1.3,-2.8,-4.1
"375","Phoenix Suns","Devin Booker",23,62,2241,19.8,5.67,2.1,4.8,1.2,6,NA,NA,NA,NA,NA,NA,NA,NA,NA,NA,NA,3.1,-1.4,1.7
"376","Phoenix Suns","Kelly Oubre",24,56,1933,14.9,1.89,0.7,1.7,1.9,3.6,NA,NA,NA,NA,NA,NA,NA,NA,NA,NA,NA,-0.3,-0.4,-0.6
"377","Phoenix Suns","Ricky Rubio",29,57,1802,16.3,3.24,1.2,2.4,1.7,4.1,NA,NA,NA,NA,NA,NA,NA,NA,NA,NA,NA,0.5,0.2,0.7
"378","Phoenix Suns","Mikal Bridges",23,65,1772,13,3.51,1.3,2.2,1.9,4.1,NA,NA,NA,NA,NA,NA,NA,NA,NA,NA,NA,-0.7,1.5,0.8
"379","Phoenix Suns","Dario Šari?",25,58,1441,13.3,1.08,0.4,1.5,1.2,2.7,NA,NA,NA,NA,NA,NA,NA,NA,NA,NA,NA,-0.5,-0.4,-0.9
"380","Phoenix Suns","Cameron Johnson",23,49,996,12.2,1.35,0.5,1.1,0.7,1.8,NA,NA,NA,NA,NA,NA,NA,NA,NA,NA,NA,0.5,-0.7,-0.2
"381","Phoenix Suns","Deandre Ayton",21,30,996,20.4,1.62,0.6,1.1,1.3,2.4,NA,NA,NA,NA,NA,NA,NA,NA,NA,NA,NA,0.8,-0.4,0.5
"382","Phoenix Suns","Aron Baynes",33,42,934,15.1,0.54,0.2,1.3,0.7,2,NA,NA,NA,NA,NA,NA,NA,NA,NA,NA,NA,-0.2,-0.9,-1.1
"383","Phoenix Suns","Jevon Carter",24,50,754,10.4,0.81,0.3,0.3,0.7,1.1,NA,NA,NA,NA,NA,NA,NA,NA,NA,NA,NA,-1.6,1,-0.6
"384","Phoenix Suns","Frank Kaminsky",26,32,718,14.5,0.81,0.3,0.8,0.6,1.4,NA,NA,NA,NA,NA,NA,NA,NA,NA,NA,NA,0.2,-0.3,-0.1
"385","Phoenix Suns","Elie Okobo",22,54,707,10.5,0,0,0.4,0.5,0.9,NA,NA,NA,NA,NA,NA,NA,NA,NA,NA,NA,-2,-0.1,-2.1
"386","Phoenix Suns","Tyler Johnson",27,31,515,8.1,-0.54,-0.2,-0.2,0.3,0.1,NA,NA,NA,NA,NA,NA,NA,NA,NA,NA,NA,-3,-0.7,-3.7
"387","Phoenix Suns","Cheick Diallo",23,44,467,16.3,0.27,0.1,0.8,0.5,1.3,NA,NA,NA,NA,NA,NA,NA,NA,NA,NA,NA,-1.1,-0.3,-1.4
"388","Phoenix Suns","Ty Jerome",22,28,315,8.1,-0.27,-0.1,-0.3,0.3,0,NA,NA,NA,NA,NA,NA,NA,NA,NA,NA,NA,-3.9,0,-3.8
"389","Phoenix Suns","Jonah Bolden",24,3,33,7.9,0,0,0,0.1,0,NA,NA,NA,NA,NA,NA,NA,NA,NA,NA,NA,-6.6,0.1,-6.5
"390","Phoenix Suns","Jalen Lecque",19,4,26,5,0,0,0,0,0,NA,NA,NA,NA,NA,NA,NA,NA,NA,NA,NA,-5.7,-3.6,-9.3
"391","Phoenix Suns","Tariq Owens",24,3,15,8.4,0,0,0,0,0,NA,NA,NA,NA,NA,NA,NA,NA,NA,NA,NA,-3.1,-2.8,-5.9
"392","Phoenix Suns","Jared Harper",22,3,8,-5.3,0,0,0,0,0,NA,NA,NA,NA,NA,NA,NA,NA,NA,NA,NA,-10.2,-5.7,-15.8
"393","Golden State Warriors","Eric Paschall",23,60,1654,14.5,-0.81,-0.3,1.6,0.5,2.1,0.062,0.571,0.202,5.2,13.1,9,12.7,0.9,0.7,11.4,21.4,-0.7,-2,-2.7
"394","Golden State Warriors","Glenn Robinson",26,48,1516,13.1,0.27,0.1,1.5,0.6,2.1,0.067,0.574,0.335,4.6,11.9,8.1,8.8,1.4,0.8,8.5,16.6,-0.5,-1.2,-1.7
"395","Golden State Warriors","Damion Lee",27,49,1423,12.7,-0.27,-0.1,0.9,0.8,1.7,0.058,0.548,0.468,2.4,16.3,9.1,14.4,1.7,0.4,10.6,19,-1.5,-0.8,-2.3
"396","Golden State Warriors","Alec Burks",28,48,1390,16.1,1.89,0.7,1.6,0.8,2.5,0.085,0.552,0.373,2.8,15.3,8.8,17.4,1.7,1.1,9.8,23.8,0.7,-0.6,0.1
"397","Golden State Warriors","Jordan Poole",20,57,1274,7.2,-4.05,-1.5,-1.6,0.4,-1.2,-0.047,0.454,0.528,0.7,9.6,5,15.8,1.3,0.7,11.8,21.1,-4.4,-2.2,-6.6
"398","Golden State Warriors","Draymond Green",29,43,1222,12.6,1.62,0.6,-0.2,1.3,1.1,0.044,0.489,0.408,2,22.3,11.8,31.2,2.3,2.4,21.8,15.7,-2,1.9,-0.2
"399","Golden State Warriors","Marquese Chriss",22,59,1196,19.4,2.16,0.8,2.1,1.3,3.4,0.136,0.604,0.101,10,23.6,16.5,15.3,1.6,4.7,14.7,19,0.1,0.5,0.6
"400","Golden State Warriors","D'Angelo Russell",23,33,1060,19.1,3.24,1.2,0.9,0.4,1.3,0.059,0.558,0.506,1.4,11.4,6.2,36,1.4,0.8,12.6,32.2,4.5,-1.9,2.6
"401","Golden State Warriors","Ky Bowman",22,45,1015,9.2,-1.62,-0.6,-0.6,0.6,-0.1,-0.003,0.494,0.333,2.5,10.7,6.5,19.4,2.1,0.9,17.1,17.2,-4,-0.3,-4.3
"402","Golden State Warriors","Willie Cauley-Stein",26,41,940,16.2,1.35,0.5,1,1.2,2.2,0.113,0.573,0,7.9,22,14.7,9.9,2.3,4.8,11,14.4,-1.5,1.6,0.1
"403","Golden State Warriors","Omari Spellman",22,49,886,14.4,0.27,0.1,0.5,0.7,1.2,0.065,0.551,0.373,9.1,18,13.4,8.1,1.8,2.4,13.9,18.8,-0.7,-1,-1.7
"404","Golden State Warriors","Jacob Evans",22,27,414,5.7,-1.35,-0.5,-0.6,0.2,-0.5,-0.054,0.439,0.286,2.3,8.7,5.4,10.9,1.3,2.6,14.6,17.6,-5.7,-1.3,-7
"405","Golden State Warriors","Andrew Wiggins",24,12,403,17.5,0.54,0.2,0.2,0.3,0.5,0.064,0.542,0.314,4.7,10.3,7.4,18.2,1.9,3.8,10.4,25.4,1,-1.1,-0.2
"406","Golden State Warriors","Juan Toscano-Anderson",26,13,272,9.4,-0.27,-0.1,-0.1,0.2,0.2,0.03,0.529,0.365,3.5,17.8,10.4,13.8,2.3,1.7,19.7,12.7,-3.9,0.4,-3.5
"407","Golden State Warriors","Kevon Looney",23,20,262,9.4,-0.54,-0.2,-0.2,0.2,0,0.005,0.403,0.177,11.2,16.3,13.6,11.1,2.2,2.1,12.5,15.7,-4.8,-0.8,-5.5
"408","Golden State Warriors","Mychal Mulder",25,7,204,7.8,-0.54,-0.2,0.1,0,0.1,0.017,0.533,0.776,1.5,11,6.1,5.8,0.5,0.4,6.5,16.2,-3.3,-2.9,-6.1
"409","Golden State Warriors","Dragan Bender",22,9,195,12.1,-0.27,-0.1,0,0.1,0.1,0.027,0.534,0.479,8.6,21.3,14.7,15.2,1,1.8,17.4,20.1,-2.4,-1.3,-3.6
"410","Golden State Warriors","Alen Smailagi?",19,14,139,14.5,0,0,0.2,0.1,0.2,0.081,0.61,0.325,7.5,13.7,10.5,14.3,1,2.6,18.5,18.2,-1.3,-0.8,-2.1
"411","Golden State Warriors","Stephen Curry",31,5,139,21.7,0.54,0.2,0.2,0.1,0.3,0.104,0.557,0.598,3,17.8,10.1,42.3,1.7,1.3,14.6,33.6,4.5,-0.6,3.9
"412","Golden State Warriors","Jeremy Pargo",33,3,44,12.7,0,0,0,0,0,0.011,0.557,0.318,2.4,5.1,3.7,33.2,1.1,0,15.1,25.7,-2.8,-3.1,-5.9
"413","Golden State Warriors","Chasson Randle",26,3,40,6.7,0,0,0,0,0,0.044,0.377,0.5,0,5.6,2.7,15.7,2.4,0,0,7.1,-5.9,0.1,-5.8
"414","Golden State Warriors","Zach Norvell",22,3,36,3.7,-0.27,-0.1,-0.1,0,-0.1,-0.075,0.437,0.727,0,15.6,7.5,11.7,2.7,0,20.8,17.1,-6.7,-1.1,-7.7
"415","Houston Rockets","James Harden",30,61,2241,28.4,17.01,6.3,8.7,2.7,11.5,0.245,0.616,0.555,3,15.3,9.1,34.4,2.2,2,13.8,36.4,7.9,1.2,9
"416","Houston Rockets","P.J. Tucker",34,64,2203,8.7,0.54,0.2,1.8,2.2,3.9,0.086,0.58,0.687,4.8,16.2,10.5,5.9,1.5,1.2,14.6,8.6,-2.2,0.6,-1.6
"417","Houston Rockets","Russell Westbrook",31,53,1905,21.5,4.86,1.8,2.1,2.3,4.3,0.109,0.539,0.168,5.1,18.4,11.7,35,2.1,0.8,14.9,34.4,1.9,-0.1,1.8
"418","Houston Rockets","Danuel House",26,58,1739,11.4,1.89,0.7,1.9,1.6,3.5,0.096,0.571,0.645,3.4,11.5,7.4,6.1,1.7,1.6,8.6,13.5,-0.6,0.1,-0.5
"419","Houston Rockets","Ben McLemore",26,63,1437,11.7,1.35,0.5,2.1,0.9,3,0.1,0.622,0.83,1.5,8.7,5.1,5.3,1.2,0.7,8.5,15.6,0,-0.7,-0.7
"420","Houston Rockets","Austin Rivers",27,60,1402,10.3,-0.27,-0.1,1.3,1,2.2,0.077,0.538,0.537,1.9,8.8,5.3,9.5,1.4,0.6,6.9,14.9,-1.9,-0.4,-2.3
"421","Houston Rockets","Clint Capela",25,39,1279,20.7,2.97,1.1,2.9,2.1,5,0.186,0.626,0,13.7,30.5,22,5.7,1.2,4.8,12.7,16,1.1,0.4,1.5
"422","Houston Rockets","Eric Gordon",31,34,972,10.5,-1.08,-0.4,0.2,0.5,0.7,0.037,0.511,0.658,0.9,6.2,3.5,7.8,1.1,1.1,6.9,22.1,-1.6,-2,-3.6
"423","Houston Rockets","Robert Covington",29,14,456,14.1,0.81,0.3,0.3,0.7,1,0.108,0.566,0.737,4.1,21.3,12.7,5.5,1.5,6.6,11.2,16.1,-0.3,0.8,0.5
"424","Houston Rockets","Thabo Sefolosha",35,41,436,9.5,0.27,0.1,0.1,0.6,0.7,0.073,0.487,0.593,5,17.4,11.2,7.5,2.6,2.4,13.7,10.4,-2.7,1.6,-1.1
"425","Houston Rockets","Isaiah Hartenstein",21,23,266,18.7,0.54,0.2,0.7,0.4,1.1,0.191,0.674,0.075,11.4,24.2,17.7,9.8,1.6,3.9,16.8,14.8,-0.9,1.3,0.4
"426","Houston Rockets","Chris Clemons",22,29,251,12.6,0.27,0.1,0.1,0.2,0.2,0.046,0.546,0.746,1.2,8.4,4.8,13.5,1.1,1.7,11.6,24,0.4,-1.7,-1.3
"427","Houston Rockets","Tyson Chandler",37,26,219,10.8,0,0,0.3,0.3,0.6,0.13,0.717,0,11.9,19.8,15.8,3.5,1.3,3.1,25.2,6,-2.5,1.1,-1.4
"428","Houston Rockets","Gary Clark",25,18,212,11.9,0.27,0.1,0.4,0.2,0.6,0.126,0.564,0.864,5.4,14.4,9.9,7.6,0.4,2.8,3.1,12.5,0.4,-0.9,-0.5
"429","Houston Rockets","Jeff Green",33,10,201,20,0.81,0.3,0.6,0.2,0.8,0.201,0.739,0.515,4.7,12.1,8.3,9.2,2.1,2.1,11.3,16.3,3.5,0.4,3.9
"430","Houston Rockets","DeMarre Carroll",33,6,96,13.5,0,0,0.2,0.1,0.2,0.116,0.624,0.56,4.3,13.2,8.7,10,1,1.8,15.8,16.4,0.3,-1.1,-0.8
"431","Houston Rockets","Michael Frazier",25,8,66,2.4,-0.27,-0.1,0,0,0,0.016,0.513,0.727,1.6,3.2,2.4,1.9,1.4,0,12.8,9.8,-7.9,-0.9,-8.8
"432","Houston Rockets","Bruno Caboclo",24,5,28,23.6,0.27,0.1,0.1,0.1,0.1,0.2,0.563,0.375,18.6,15.1,16.9,10.1,3.3,12.2,18.4,16,2.5,3.2,5.7
"433","Houston Rockets","Ryan Anderson",31,2,14,9.5,0,0,0,0,0,-0.031,0.357,0.714,0,52.8,26.2,20.1,3.3,0,12.5,23.6,-4.1,0.7,-3.4
"434","Houston Rockets","William Howard",26,2,13,-12.7,-0.27,-0.1,-0.1,0,-0.1,-0.354,0,1,0,16.2,8.1,9,0,0,20,15.9,-14.9,-5.7,-20.7
"435","Dallas Mavericks","Dorian Finney-Smith",26,64,1898,12.2,2.43,0.9,2.9,1.6,4.5,0.114,0.597,0.58,7,12.3,9.7,6.8,1.1,1.7,11.2,12.7,0,-0.1,-0.2
"436","Dallas Mavericks","Tim Hardaway",27,63,1815,15,2.97,1.1,3.1,1.1,4.2,0.111,0.581,0.574,1.4,9.9,5.7,10.2,1,0.2,6.6,21.7,1.5,-1.2,0.4
"437","Dallas Mavericks","Luka Doncic",20,54,1799,27.7,12.69,4.7,5.8,2.3,8.1,0.215,0.584,0.442,4.1,24.7,14.6,45.3,1.6,0.5,14.6,37,7.3,1.1,8.4
"438","Dallas Mavericks","Maxi Kleber",28,66,1695,13.8,2.97,1.1,2.9,1.7,4.6,0.131,0.603,0.614,6.2,15.5,11,6.2,0.6,3.9,8.7,13.9,0.5,0.2,0.6
"439","Dallas Mavericks","Kristaps Porzingis",24,51,1597,19.3,3.78,1.4,1.7,2.6,4.3,0.129,0.54,0.447,5.9,25.3,15.8,8.6,1.1,5.6,8.5,26.6,1.2,0.3,1.5
"440","Dallas Mavericks","Seth Curry",29,59,1448,16.2,3.24,1.2,3.4,0.9,4.3,0.144,0.65,0.564,1.9,8,5,12.1,1.2,0.5,9.5,18.6,2,-0.7,1.4
"441","Dallas Mavericks","Delon Wright",27,65,1412,16.1,4.32,1.6,2.6,1.8,4.3,0.148,0.563,0.307,5,14,9.6,21.2,2.6,1.3,13.9,14.8,0.4,2,2.4
"442","Dallas Mavericks","Dwight Powell",28,40,1061,16,2.43,0.9,2.6,1.1,3.7,0.169,0.677,0.17,7.5,14.7,11.2,7.7,1.6,1.8,11.5,12.7,0.4,1,1.4
"443","Dallas Mavericks","Jalen Brunson",23,57,1022,15,0.81,0.3,1.6,0.7,2.3,0.108,0.553,0.309,2.3,11.3,6.9,26.9,1,0.3,13.6,20.4,0.1,-0.9,-0.8
"444","Dallas Mavericks","Justin Jackson",24,58,929,10,-0.54,-0.2,0.7,0.6,1.3,0.066,0.498,0.486,3.1,12.7,8,7.2,0.6,0.9,3.5,15.8,-1.7,-1.2,-2.9
"445","Dallas Mavericks","J.J. Barea",35,26,391,14.9,0.27,0.1,0.5,0.2,0.7,0.084,0.519,0.425,2.7,10,6.4,37.7,0.5,0.4,15.8,24.3,1.8,-2.7,-1
"446","Dallas Mavericks","Courtney Lee",34,24,345,10.9,0.27,0.1,0.3,0.4,0.7,0.098,0.629,0.573,2.2,7.4,4.9,4.7,2.5,1.5,11.4,11.9,-2.1,1.6,-0.5
"447","Dallas Mavericks","Boban Marjanovic",31,37,337,24.5,0.54,0.2,0.8,0.5,1.3,0.184,0.599,0.087,16.8,30.5,23.7,6.7,1,1.8,11.8,27.9,1.7,-1.7,0
"448","Dallas Mavericks","Ryan Broekhoff",29,17,180,13.1,0.27,0.1,0.2,0.2,0.4,0.116,0.568,0.864,3,21.7,12.5,8.3,1.3,1.9,8.8,16.3,0.4,0.4,0.9
"449","Dallas Mavericks","Willie Cauley-Stein",26,13,157,22.3,0.54,0.2,0.5,0.3,0.8,0.23,0.684,0.022,8.8,30.7,20,9.6,1.2,5.9,9.3,14.7,1,2.3,3.2
"450","Dallas Mavericks","Michael Kidd-Gilchrist",26,9,71,-0.1,-0.27,-0.1,-0.2,0.1,-0.1,-0.055,0.254,0.429,4.5,24.6,14.7,5,1.4,2.4,43.2,8.4,-9.7,0.8,-8.9
"451","Dallas Mavericks","Antonius Cleveland",25,6,22,2.9,0,0,-0.1,0,0,-0.074,0.363,0.167,0,14,7.1,0,2.2,3.9,12.7,15.3,-8.9,0.7,-8.3
"452","Dallas Mavericks","Josh Reaves",22,2,1,-40,0,0,0,0,0,-1.036,0,0,0,0,0,0,0,0,0,42.8,-24.4,-15.1,-39.5
"453","Memphis Grizzlies","Dillon Brooks",24,65,1851,11.1,-2.97,-1.1,-0.3,1.3,1,0.025,0.508,0.387,3.5,8.4,6,10,1.4,1.2,9.7,25,-2.8,-1.5,-4.3
"454","Memphis Grizzlies","Ja Morant",20,59,1771,18,2.97,1.1,2.2,1.2,3.4,0.093,0.568,0.174,2.7,9.5,6.2,34.6,1.4,0.7,17.2,26,1.6,-1.3,0.4
"455","Memphis Grizzlies","Jonas Valan?i?nas",27,62,1630,22.3,4.86,1.8,3.8,2.4,6.2,0.182,0.631,0.12,12.5,31.9,22.4,10.2,0.7,3.7,12.8,21.4,2.2,0,2.3
"456","Memphis Grizzlies","Jaren Jackson",20,54,1512,16.1,2.16,0.8,1.5,1.7,3.1,0.1,0.59,0.485,3.8,13.7,8.8,7.5,1.1,5,10.8,23.9,0.2,0,0.2
"457","Memphis Grizzlies","Jae Crowder",29,45,1322,11,0.81,0.3,0.5,1.4,1.9,0.068,0.507,0.667,3.2,18.4,11,12.2,1.7,0.9,10.9,15.6,-1.4,0.1,-1.2
"458","Memphis Grizzlies","Tyus Jones",23,65,1232,15.7,2.16,0.8,2,1,3,0.115,0.532,0.289,0.8,7.9,4.4,31.7,2.2,0.4,10.8,17.2,0.4,0.1,0.6
"459","Memphis Grizzlies","Kyle Anderson",26,59,1140,13,1.89,0.7,0.9,1.4,2.2,0.095,0.542,0.221,5.1,18.3,11.8,15.1,1.9,2.4,15.1,13.3,-1.3,1.9,0.6
"460","Memphis Grizzlies","Brandon Clarke",23,50,1086,21.8,4.05,1.5,3.1,1.3,4.4,0.192,0.67,0.127,7.7,20.3,14.1,10.1,1.1,3.3,9.3,19,2.8,0.7,3.5
"461","Memphis Grizzlies","De'Anthony Melton",21,52,1011,14.6,1.62,0.6,0.4,1.4,1.8,0.086,0.525,0.331,3.9,15.9,10,20.9,3,1.5,16.3,19.6,-1.6,1.8,0.3
"462","Memphis Grizzlies","Solomon Hill",28,48,901,10.2,0.27,0.1,0.5,0.8,1.3,0.071,0.549,0.631,2.8,13.7,8.4,13.3,1.6,0.7,13.8,13.4,-1.6,0.2,-1.4
"463","Memphis Grizzlies","Grayson Allen",24,30,498,11.4,-0.27,-0.1,0.5,0.3,0.7,0.07,0.577,0.517,1.1,12.6,7,11.8,0.6,0.2,10.7,17.9,-1,-1.5,-2.6
"464","Memphis Grizzlies","Marko Guduric",24,42,476,8.8,-0.54,-0.2,-0.2,0.4,0.1,0.012,0.515,0.526,3.1,12.3,7.8,12.4,1.2,1.5,17.9,17.6,-2.6,-0.8,-3.4
"465","Memphis Grizzlies","Josh Jackson",22,18,357,14,0.54,0.2,0,0.4,0.5,0.062,0.539,0.465,3.3,13.5,8.5,12.4,2.4,2.2,12.5,23.2,-1.1,1.2,0
"466","Memphis Grizzlies","Gorgui Dieng",30,12,234,16.2,0.54,0.2,0.2,0.4,0.6,0.128,0.568,0.333,6.4,29,17.9,7.5,2.2,5.2,12.6,15.6,-1.2,2.9,1.7
"467","Memphis Grizzlies","Bruno Caboclo",24,22,192,11.9,0,0,-0.1,0.3,0.2,0.051,0.441,0.362,9.5,14.5,12,7,2.4,5.4,9.1,16.7,-3.3,0.8,-2.4
"468","Memphis Grizzlies","John Konchar",23,15,167,19,0.81,0.3,0.5,0.2,0.7,0.195,0.711,0.257,11.5,17.3,14.4,16.7,2,1.6,14.3,10.4,2.7,2.2,5
"469","Memphis Grizzlies","Yuta Watanabe",25,16,99,9.5,0,0,0,0.1,0.1,0.047,0.461,0.276,6.5,11.4,9,5.3,2.4,0.9,5.8,14.5,-3.6,1,-2.6
"470","Memphis Grizzlies","Anthony Tolliver",34,5,96,6.8,0,0,0,0.1,0.1,0.026,0.593,0.81,1.1,11.8,6.6,1.3,1.5,0.9,18,12,-3.4,0.3,-3
"471","Memphis Grizzlies","Jordan Bell",25,2,21,12.6,0,0,0,0,0,0.046,0.635,0.429,10.2,4.9,7.5,12.8,2.2,0,27.6,21.5,-0.4,-1.1,-1.5
"472","Memphis Grizzlies","Jarrod Uthoff",26,4,14,-0.1,0,0,-0.1,0,0,-0.167,0.254,0.571,7.6,0,3.7,0,3.3,0,0,23.4,-11,-2.5,-13.5
"473","Memphis Grizzlies","Dusty Hannahs",26,2,13,21.3,0,0,0,0,0,0.146,0.607,0.333,0,7.9,4,0,0,0,0,31.6,5.2,-2.1,3.1
"474","New Orleans Pelicans","Jrue Holiday",29,55,1922,17.5,5.67,2.1,2.1,1.8,4,0.099,0.535,0.346,3.8,10.9,7.3,29.8,2.2,1.9,13.6,24.7,1.9,0.3,2.3
"475","New Orleans Pelicans","Brandon Ingram",22,56,1919,19.2,5.67,2.1,3.2,1.7,4.9,0.122,0.59,0.352,2.7,16.6,9.6,19.8,1.3,1.6,13.1,28.2,2.7,-0.3,2.4
"476","New Orleans Pelicans","Lonzo Ball",22,56,1817,13.7,3.51,1.3,0.7,1.9,2.6,0.068,0.529,0.578,3.6,16.6,10.1,29.3,2,1.4,20.7,18.6,0.4,0.6,1
"477","New Orleans Pelicans","Josh Hart",24,57,1563,11.7,1.62,0.6,1,1.7,2.7,0.083,0.556,0.676,3.6,21.4,12.5,8,1.7,1.1,11.1,15.3,-1.2,0.6,-0.6
"478","New Orleans Pelicans","J.J. Redick",35,54,1425,15.1,2.43,0.9,3.2,0.6,3.7,0.125,0.639,0.618,0.7,9.7,5.2,10.8,0.6,0.5,9.4,19.9,2,-1.6,0.4
"479","New Orleans Pelicans","Derrick Favors",28,45,1089,19,2.43,0.9,2.4,1.4,3.8,0.168,0.624,0.023,14.1,29,21.5,9.8,1.1,3.4,13.3,14.4,0.8,0.4,1.2
"480","New Orleans Pelicans","E'Twaun Moore",30,51,958,11.1,-0.54,-0.2,0.2,0.6,0.8,0.042,0.509,0.39,3.2,10.4,6.8,10.9,1.4,0.9,8.1,19.9,-2,-1,-2.9
"481","New Orleans Pelicans","Jaxson Hayes",19,56,951,17.8,1.35,0.5,2.5,1,3.5,0.176,0.675,0.017,9,15.7,12.3,7.5,1.1,4.6,11.6,15.1,-0.8,0.8,0.1
"482","New Orleans Pelicans","Nicol<f2> Melli",29,52,889,12.3,0.81,0.3,1,0.8,1.8,0.095,0.583,0.647,4.4,14.3,9.3,10.2,1.6,1.8,12.1,15.9,-0.9,0.3,-0.6
"483","New Orleans Pelicans","Kenrich Williams",25,35,779,7.6,-0.27,-0.1,0.1,0.8,0.8,0.052,0.43,0.671,6.6,17.5,12,8.3,1.5,2.2,12,9.2,-3.3,1,-2.3
"484","New Orleans Pelicans","Frank Jackson",21,51,656,7.7,-1.89,-0.7,-0.4,0.3,-0.1,-0.005,0.5,0.467,3,8.4,5.7,8.6,1.1,0.5,13.1,20.4,-4,-2,-6
"485","New Orleans Pelicans","Zion Williamson",19,19,565,24.2,1.62,0.6,1.3,0.4,1.8,0.149,0.624,0.045,10.2,13.9,12,12.6,1.3,1.3,12.4,29.6,3.5,-1.1,2.4
"486","New Orleans Pelicans","Nickeil Alexander-Walker",21,41,501,7.6,-1.08,-0.4,-0.7,0.4,-0.4,-0.034,0.441,0.515,1.7,15.2,8.4,20.3,1,1.2,14.3,22.8,-3.5,-1.4,-4.9
"487","New Orleans Pelicans","Jahlil Okafor",24,28,424,17.8,0.54,0.2,0.7,0.4,1.1,0.129,0.631,0.014,11.4,18.2,14.8,12.6,0.8,3.7,17.5,19.8,-0.8,0.6,-0.2
"488","New Orleans Pelicans","Zylan Cheatham",24,3,31,0.1,-0.27,-0.1,-0.1,0,-0.1,-0.08,0.4,0.2,3.4,17.1,10.2,7.9,0,2.7,37.5,10.5,-10.2,0.1,-10.2
"489","New Orleans Pelicans","Josh Gray",26,2,23,-5,-0.27,-0.1,-0.1,0,-0.1,-0.224,0.5,0,4.6,4.6,4.6,10.4,0,0,71.4,12.4,-11.3,-4.7,-16
"490","San Antonio Spurs","DeMar DeRozan",30,61,2091,21.3,5.13,1.9,5.1,1.1,6.2,0.143,0.597,0.031,2,15.7,8.9,26,1.4,0.6,11.5,26.6,2.1,-0.5,1.6
"491","San Antonio Spurs","LaMarcus Aldridge",34,53,1754,19.8,4.05,1.5,3.1,1.4,4.4,0.122,0.571,0.198,6.3,17.8,12,11.4,1,4.4,7.8,23.6,1.8,-0.5,1.3
"492","San Antonio Spurs","Bryn Forbes",26,63,1579,11.2,-0.81,-0.3,1.2,0.2,1.5,0.045,0.57,0.656,0.8,7.8,4.3,9.6,1,0,8.4,18.6,-0.6,-2.1,-2.7
"493","San Antonio Spurs","Derrick White",25,61,1468,15.9,2.97,1.1,2.5,0.9,3.4,0.11,0.585,0.345,2.2,12,7.1,19.5,1.3,3.3,12.2,18.2,0.7,0.2,0.9
"494","San Antonio Spurs","Dejounte Murray",23,58,1447,17.1,2.97,1.1,0.9,1.7,2.6,0.087,0.535,0.168,5,20,12.5,23.7,3.3,1,15.7,20.6,-0.5,1.5,1
"495","San Antonio Spurs","Patty Mills",31,63,1430,14.7,1.89,0.7,2.1,0.5,2.6,0.086,0.589,0.675,1.4,6,3.7,11.3,1.7,0.4,7.6,20.5,1.1,-1.2,-0.1
"496","San Antonio Spurs","Rudy Gay",33,60,1287,14.4,0.54,0.2,0.6,0.9,1.5,0.054,0.545,0.369,4.7,22.3,13.5,11.3,1,1.9,12.4,21.3,-0.5,-1,-1.5
"497","San Antonio Spurs","Trey Lyles",24,63,1271,12.7,0.54,0.2,1.2,1,2.2,0.081,0.557,0.49,6,24.6,15.3,7.3,1.1,1.9,9.7,13.7,-0.5,-0.7,-1.2
"498","San Antonio Spurs","Jakob Poeltl",24,58,965,19.6,3.24,1.2,2,1.3,3.3,0.165,0.611,0,11.6,23,17.3,14.6,1.5,7.7,15.2,13.3,0.8,2.3,3.1
"499","San Antonio Spurs","Marco Belinelli",33,52,779,10.2,-0.54,-0.2,0.4,0.1,0.6,0.035,0.521,0.572,0.6,11.9,6.2,11.3,0.6,0.1,5.2,17,-1,-1.9,-2.9
"500","San Antonio Spurs","Lonnie Walker",21,53,767,11,-0.54,-0.2,0,0.5,0.5,0.028,0.515,0.266,2.8,13.4,8.1,8.4,1.8,1.5,9.6,18.2,-2.5,-0.7,-3.2
"501","San Antonio Spurs","DeMarre Carroll",33,15,135,5,-0.54,-0.2,-0.2,0.1,-0.1,-0.038,0.437,0.448,5.6,19.2,12.4,10.2,0.7,1.3,20.9,15.4,-6,-1.1,-7.1
"502","San Antonio Spurs","Drew Eubanks",22,14,130,15.3,-0.27,-0.1,0.2,0.1,0.3,0.12,0.776,0.036,6.6,22.4,14.5,5.5,0.7,4.1,23.3,14.3,-2.6,-1,-3.7
"503","San Antonio Spurs","Keldon Johnson",20,9,92,16.6,0,0,0.2,0.1,0.2,0.119,0.579,0.161,5.8,14.1,10,9.4,2.6,1,7.8,18.1,-0.3,-0.6,-0.9
"504","San Antonio Spurs","Chimezie Metu",22,16,73,25.4,0.27,0.1,0.2,0.1,0.2,0.159,0.597,0.029,14.7,23.7,19.2,13.9,0.7,4.8,11.5,25.9,3.8,-0.8,3
"505","San Antonio Spurs","Quinndary Weatherspoon",23,3,15,-5.1,-0.27,-0.1,-0.1,0,-0.1,-0.197,0,0.333,0,7.2,3.6,7.7,0,0,0,8.7,-9.1,-6,-15.1
"506","San Antonio Spurs","Luka <U+008A>amani?",20,1,12,-3.4,0,0,-0.1,0,-0.1,-0.252,0,0.5,0,18,9,28.9,0,0,0,14.5,-7.4,-4.5,-11.9
